支付宝交易记录明细查询,,,,,,,,,,,,,,,
账号:[935669873@qq.com],,,,,,,,,,,,,,,
起始日期:[2017-09-01 00:00:00]    终止日期:[2020-08-29 11:44:49],,,,,,,,,,,,,,,
---------------------------------交易记录明细列表------------------------------------,,,,,,,,,,,,,,,
交易号                  ,商家订单号               ,交易创建时间              ,付款时间                ,最近修改时间              ,交易来源地     ,类型              ,交易对方            ,商品名称                ,金额（元）   ,收/支     ,交易状态    ,服务费（元）   ,成功退款（元）  ,备注                  ,资金状态     
"20200826001080012404340063623753	","                    	",2020/8/27 15:49,                    ,2020/8/27 15:49,支付宝网站     ,即时到账交易          ,蚂蚁财富-蚂蚁（杭州）基金销售有限公司,蚂蚁财富-汇添富中证环境治理指数(LOF)A-卖出至余额宝,1012.47,收入      ,交易成功    ,0,0,                    ,已收入      
"20200826001080012204340063651116	","                    	",2020/8/26 14:45,                    ,2020/8/26 14:46,支付宝网站     ,即时到账交易          ,蚂蚁财富-蚂蚁（杭州）基金销售有限公司,蚂蚁财富-鹏华中证信息技术指数-买入  ,1000,支出      ,交易成功    ,0,0,                    ,已支出      
"20200826001080012204340063622762	","                    	",2020/8/26 14:45,                    ,2020/8/26 14:45,支付宝网站     ,即时到账交易          ,蚂蚁财富-蚂蚁（杭州）基金销售有限公司,蚂蚁财富-天弘中证电子ETF联接A-买入,1000,支出      ,交易成功    ,0,0,                    ,已支出      
"20200826001080012204340063609726	","                    	",2020/8/26 14:45,                    ,2020/8/26 14:45,支付宝网站     ,即时到账交易          ,蚂蚁财富-蚂蚁（杭州）基金销售有限公司,蚂蚁财富-诺安成长混合-买入      ,1000,支出      ,交易成功    ,0,0,                    ,已支出      
"20200824001080012204340063010953	","                    	",2020/8/24 14:56,                    ,2020/8/24 14:56,支付宝网站     ,即时到账交易          ,蚂蚁财富-蚂蚁（杭州）基金销售有限公司,蚂蚁财富-诺安成长混合-买入      ,200,支出      ,交易成功    ,0,0,                    ,已支出      
"20200824001080012204340063033439	","                    	",2020/8/24 14:55,                    ,2020/8/24 14:55,支付宝网站     ,即时到账交易          ,蚂蚁财富-蚂蚁（杭州）基金销售有限公司,蚂蚁财富-方正富邦中证保险主题-买入  ,500,支出      ,交易成功    ,0,0,                    ,已支出      
"20200824001080012204340063030973	","                    	",2020/8/24 14:55,                    ,2020/8/24 14:55,支付宝网站     ,即时到账交易          ,蚂蚁财富-蚂蚁（杭州）基金销售有限公司,蚂蚁财富-方正富邦中证保险主题-买入  ,500,支出      ,交易成功    ,0,0,                    ,已支出      
"20200821001080012204340062659386	","                    	",2020/8/21 14:57,                    ,2020/8/21 14:57,支付宝网站     ,即时到账交易          ,蚂蚁财富-蚂蚁（杭州）基金销售有限公司,蚂蚁财富-诺安成长混合-买入      ,300,支出      ,交易成功    ,0,0,                    ,已支出      
"20200820001080012204340062294480	","                    	",2020/8/20 14:49,                    ,2020/8/20 14:50,支付宝网站     ,即时到账交易          ,蚂蚁财富-蚂蚁（杭州）基金销售有限公司,蚂蚁财富-天弘中证电子ETF联接A-买入,800,支出      ,交易成功    ,0,0,                    ,已支出      
"20200820001080012204340062308107	","                    	",2020/8/20 14:49,                    ,2020/8/20 14:49,支付宝网站     ,即时到账交易          ,蚂蚁财富-蚂蚁（杭州）基金销售有限公司,蚂蚁财富-诺安成长混合-买入      ,1000,支出      ,交易成功    ,0,0,                    ,已支出      
"20200820001080012204340062283180	","                    	",2020/8/20 14:48,                    ,2020/8/20 14:49,支付宝网站     ,即时到账交易          ,蚂蚁财富-蚂蚁（杭州）基金销售有限公司,蚂蚁财富-方正富邦中证保险主题-买入  ,500,支出      ,交易成功    ,0,0,                    ,已支出      
"20200820001080012204340062309834	","                    	",2020/8/20 14:48,                    ,2020/8/20 14:48,支付宝网站     ,即时到账交易          ,蚂蚁财富-蚂蚁（杭州）基金销售有限公司,蚂蚁财富-易方达消费行业股票-买入   ,500,支出      ,交易成功    ,0,0,                    ,已支出      
"20200820001080012204340062281498	","                    	",2020/8/20 14:47,                    ,2020/8/20 14:47,支付宝网站     ,即时到账交易          ,蚂蚁财富-蚂蚁（杭州）基金销售有限公司,蚂蚁财富-汇添富上证综合指数-买入   ,1000,支出      ,交易成功    ,0,0,                    ,已支出      
"20200812001080012204340059932663	","                    	",2020/8/12 14:55,                    ,2020/8/12 14:55,支付宝网站     ,即时到账交易          ,蚂蚁财富-蚂蚁（杭州）基金销售有限公司,蚂蚁财富-易方达消费行业股票-买入   ,500,支出      ,交易成功    ,0,0,                    ,已支出      
"20200812001080012204340059927730	","                    	",2020/8/12 14:54,                    ,2020/8/12 14:54,支付宝网站     ,即时到账交易          ,蚂蚁财富-蚂蚁（杭州）基金销售有限公司,蚂蚁财富-招商中证白酒指数分级-买入  ,200,支出      ,交易成功    ,0,0,                    ,已支出      
"20200812001080012204340059817942	","                    	",2020/8/12 12:39,                    ,2020/8/12 12:39,支付宝网站     ,即时到账交易          ,蚂蚁财富-蚂蚁（杭州）基金销售有限公司,蚂蚁财富-永赢智能领先混合C-买入   ,10,支出      ,交易成功    ,0,0,                    ,已支出      
"20200811001080012204340059520617	","                    	",2020/8/11 14:59,                    ,2020/8/11 14:59,支付宝网站     ,即时到账交易          ,蚂蚁财富-蚂蚁（杭州）基金销售有限公司,蚂蚁财富-鹏华中证信息技术指数-买入  ,500,支出      ,交易成功    ,0,0,                    ,已支出      
"20200811001080012204340059487922	","                    	",2020/8/11 14:55,                    ,2020/8/11 14:56,支付宝网站     ,即时到账交易          ,蚂蚁财富-蚂蚁（杭州）基金销售有限公司,蚂蚁财富-诺安成长混合-买入      ,1000,支出      ,交易成功    ,0,0,                    ,已支出      
"20200811001080012204340059488585	","                    	",2020/8/11 14:53,                    ,2020/8/11 14:53,支付宝网站     ,即时到账交易          ,蚂蚁财富-蚂蚁（杭州）基金销售有限公司,蚂蚁财富-华安中证全指证券公司-买入  ,500,支出      ,交易成功    ,0,0,                    ,已支出      
"20200807001080012204340058660196	","                    	",2020/8/7 14:56,                    ,2020/8/7 14:56,支付宝网站     ,即时到账交易          ,蚂蚁财富-蚂蚁（杭州）基金销售有限公司,蚂蚁财富-鹏华中证信息技术指数-买入  ,1000,支出      ,交易成功    ,0,0,                    ,已支出      
"20200807001080012204340058630519	","                    	",2020/8/7 14:52,                    ,2020/8/7 14:52,支付宝网站     ,即时到账交易          ,蚂蚁财富-蚂蚁（杭州）基金销售有限公司,蚂蚁财富-鹏华中证信息技术指数-买入  ,1000,支出      ,交易成功    ,0,0,                    ,已支出      
"20200807001080012204340058620095	","                    	",2020/8/7 14:51,                    ,2020/8/7 14:51,支付宝网站     ,即时到账交易          ,蚂蚁财富-蚂蚁（杭州）基金销售有限公司,蚂蚁财富-方正富邦中证保险主题-买入  ,500,支出      ,交易成功    ,0,0,                    ,已支出      
"20200807001080012204340058645595	","                    	",2020/8/7 14:50,                    ,2020/8/7 14:50,支付宝网站     ,即时到账交易          ,蚂蚁财富-蚂蚁（杭州）基金销售有限公司,蚂蚁财富-华安中证全指证券公司-买入  ,1000,支出      ,交易成功    ,0,0,                    ,已支出      
"20200807001080012204340058609086	","                    	",2020/8/7 14:50,                    ,2020/8/7 14:50,支付宝网站     ,即时到账交易          ,蚂蚁财富-蚂蚁（杭州）基金销售有限公司,蚂蚁财富-天弘中证电子ETF联接A-买入,800,支出      ,交易成功    ,0,0,                    ,已支出      
"20200807001080012204340058611885	","                    	",2020/8/7 14:49,                    ,2020/8/7 14:49,支付宝网站     ,即时到账交易          ,蚂蚁财富-蚂蚁（杭州）基金销售有限公司,蚂蚁财富-诺安成长混合-买入      ,1000,支出      ,交易成功    ,0,0,                    ,已支出      
"20200730001080012204340056147342	","                    	",2020/7/30 14:57,                    ,2020/7/30 14:57,支付宝网站     ,即时到账交易          ,蚂蚁财富-蚂蚁（杭州）基金销售有限公司,蚂蚁财富-方正富邦中证保险主题-买入  ,500,支出      ,交易成功    ,0,0,                    ,已支出      
"20200730001080012204340056162804	","                    	",2020/7/30 14:57,                    ,2020/7/30 14:57,支付宝网站     ,即时到账交易          ,蚂蚁财富-蚂蚁（杭州）基金销售有限公司,蚂蚁财富-鹏华中证传媒指数分级-买入  ,500,支出      ,交易成功    ,0,0,                    ,已支出      
"20200727001080012204340055231589	","                    	",2020/7/27 14:46,                    ,2020/7/27 14:46,支付宝网站     ,即时到账交易          ,蚂蚁财富-蚂蚁（杭州）基金销售有限公司,蚂蚁财富-汇添富上证综合指数-买入   ,1000,支出      ,交易成功    ,0,0,                    ,已支出      
"20200727001080012204340055230048	","                    	",2020/7/27 14:40,                    ,2020/7/27 14:40,支付宝网站     ,即时到账交易          ,蚂蚁财富-蚂蚁（杭州）基金销售有限公司,蚂蚁财富-博时中证银行指数分级-买入  ,500,支出      ,交易成功    ,0,0,                    ,已支出      
"20200727001080012204340055228869	","                    	",2020/7/27 14:38,                    ,2020/7/27 14:39,支付宝网站     ,即时到账交易          ,蚂蚁财富-蚂蚁（杭州）基金销售有限公司,蚂蚁财富-诺安成长混合-买入      ,1000,支出      ,交易成功    ,0,0,                    ,已支出      
"20200720001080012204340053240352	","                    	",2020/7/20 14:58,                    ,2020/7/20 14:58,支付宝网站     ,即时到账交易          ,蚂蚁财富-蚂蚁（杭州）基金销售有限公司,蚂蚁财富-招商中证白酒指数分级-买入  ,500,支出      ,交易成功    ,0,0,                    ,已支出      
"20200720001080012204340053241852	","                    	",2020/7/20 14:49,                    ,2020/7/20 14:50,支付宝网站     ,即时到账交易          ,蚂蚁财富-蚂蚁（杭州）基金销售有限公司,蚂蚁财富-易方达消费行业股票-买入   ,1000,支出      ,交易成功    ,0,0,                    ,已支出      
"20200720001080012204340053260219	","                    	",2020/7/20 14:48,                    ,2020/7/20 14:48,支付宝网站     ,即时到账交易          ,蚂蚁财富-蚂蚁（杭州）基金销售有限公司,蚂蚁财富-汇添富创新医药主题混合-买入 ,300,支出      ,交易成功    ,0,0,                    ,已支出      
"20200720001080012204340053223459	","                    	",2020/7/20 14:46,                    ,2020/7/20 14:46,支付宝网站     ,即时到账交易          ,蚂蚁财富-蚂蚁（杭州）基金销售有限公司,蚂蚁财富-招商中证白酒指数分级-买入  ,800,支出      ,交易成功    ,0,0,                    ,已支出      
"20200716001080012204340052330645	","                    	",2020/7/16 14:56,                    ,2020/7/16 14:56,支付宝网站     ,即时到账交易          ,蚂蚁财富-蚂蚁（杭州）基金销售有限公司,蚂蚁财富-诺安成长混合-买入      ,1000,支出      ,交易成功    ,0,0,                    ,已支出      
"20200715001080012204340051838282	","                    	",2020/7/15 14:59,                    ,2020/7/15 14:59,支付宝网站     ,即时到账交易          ,蚂蚁财富-蚂蚁（杭州）基金销售有限公司,蚂蚁财富-诺安成长混合-买入      ,300,支出      ,交易成功    ,0,0,                    ,已支出      
"20200715001080012204340051781502	","                    	",2020/7/15 14:48,                    ,2020/7/15 14:49,支付宝网站     ,即时到账交易          ,蚂蚁财富-蚂蚁（杭州）基金销售有限公司,蚂蚁财富-天弘中证电子ETF联接A-买入,500,支出      ,交易成功    ,0,0,                    ,已支出      
"20200715001080012204340051765492	","                    	",2020/7/15 14:22,                    ,2020/7/15 14:22,支付宝网站     ,即时到账交易          ,蚂蚁财富-蚂蚁（杭州）基金销售有限公司,蚂蚁财富-天弘中证电子ETF联接A-买入,500,支出      ,交易成功    ,0,0,                    ,已支出      
"20200713001080012404340050781369	","                    	",2020/7/14 16:16,                    ,2020/7/14 16:16,支付宝网站     ,即时到账交易          ,蚂蚁财富-蚂蚁（杭州）基金销售有限公司,蚂蚁财富-鹏华中证传媒指数分级-卖出至余额宝,216.81,收入      ,交易成功    ,0,0,                    ,已收入      
"20200713001080012404340050817423	","                    	",2020/7/14 16:12,                    ,2020/7/14 16:12,支付宝网站     ,即时到账交易          ,蚂蚁财富-蚂蚁（杭州）基金销售有限公司,蚂蚁财富-诺安成长混合-卖出至余额宝  ,690.83,收入      ,交易成功    ,0,0,                    ,已收入      
"20200713001080012204340050802888	","                    	",2020/7/13 14:47,                    ,2020/7/13 14:47,支付宝网站     ,即时到账交易          ,蚂蚁财富-蚂蚁（杭州）基金销售有限公司,蚂蚁财富-博时中证银行指数分级-买入  ,500,支出      ,交易成功    ,0,0,                    ,已支出      
"20200713001080012204340050816439	","                    	",2020/7/13 14:44,                    ,2020/7/13 14:44,支付宝网站     ,即时到账交易          ,蚂蚁财富-蚂蚁（杭州）基金销售有限公司,蚂蚁财富-博时中证银行指数分级-买入  ,500,支出      ,交易成功    ,0,0,                    ,已支出      
"20200710001080012204340050286084	","                    	",2020/7/10 14:55,                    ,2020/7/10 14:55,支付宝网站     ,即时到账交易          ,蚂蚁财富-蚂蚁（杭州）基金销售有限公司,蚂蚁财富-汇添富上证综合指数-买入   ,500,支出      ,交易成功    ,0,0,                    ,已支出      
"20200710001080012204340050285973	","                    	",2020/7/10 14:55,                    ,2020/7/10 14:55,支付宝网站     ,即时到账交易          ,蚂蚁财富-蚂蚁（杭州）基金销售有限公司,蚂蚁财富-方正富邦中证保险主题-买入  ,500,支出      ,交易成功    ,0,0,                    ,已支出      
"20200710001080012204340050287650	","                    	",2020/7/10 14:54,                    ,2020/7/10 14:54,支付宝网站     ,即时到账交易          ,蚂蚁财富-蚂蚁（杭州）基金销售有限公司,蚂蚁财富-博时中证银行指数分级-买入  ,500,支出      ,交易成功    ,0,0,                    ,已支出      
"20200709001080012204340049853930	","                    	",2020/7/9 14:52,                    ,2020/7/9 14:52,支付宝网站     ,即时到账交易          ,蚂蚁财富-蚂蚁（杭州）基金销售有限公司,蚂蚁财富-博时中证银行指数分级-买入  ,300,支出      ,交易成功    ,0,0,                    ,已支出      
"20200707001080012404340048983628	","                    	",2020/7/8 17:35,                    ,2020/7/8 17:35,支付宝网站     ,即时到账交易          ,蚂蚁财富-蚂蚁（杭州）基金销售有限公司,蚂蚁财富-方正富邦中证保险主题-卖出至余额宝,4298.41,收入      ,交易成功    ,0,0,                    ,已收入      
"20200707001080012404340048982771	","                    	",2020/7/8 17:35,                    ,2020/7/8 17:35,支付宝网站     ,即时到账交易          ,蚂蚁财富-蚂蚁（杭州）基金销售有限公司,蚂蚁财富-博时中证银行指数分级-卖出至余额宝,1533.07,收入      ,交易成功    ,0,0,                    ,已收入      
"20200707001080012404340048991655	","                    	",2020/7/8 17:35,                    ,2020/7/8 17:35,支付宝网站     ,即时到账交易          ,蚂蚁财富-蚂蚁（杭州）基金销售有限公司,蚂蚁财富-华安中证全指证券公司-卖出至余额宝,1044.36,收入      ,交易成功    ,0,0,                    ,已收入      
"20200707001080012404340048991786	","                    	",2020/7/8 17:34,                    ,2020/7/8 17:34,支付宝网站     ,即时到账交易          ,蚂蚁财富-蚂蚁（杭州）基金销售有限公司,蚂蚁财富-鹏华中证传媒指数分级-卖出至余额宝,807.63,收入      ,交易成功    ,0,0,                    ,已收入      
"20200707001080012404340048988869	","                    	",2020/7/8 17:28,                    ,2020/7/8 17:28,支付宝网站     ,即时到账交易          ,蚂蚁财富-蚂蚁（杭州）基金销售有限公司,蚂蚁财富-天弘沪深300ETF联接A-卖出至余额宝,603.55,收入      ,交易成功    ,0,0,                    ,已收入      
"20200707001080012404340049000488	","                    	",2020/7/8 17:28,                    ,2020/7/8 17:28,支付宝网站     ,即时到账交易          ,蚂蚁财富-蚂蚁（杭州）基金销售有限公司,蚂蚁财富-天弘上证50指数A-卖出至余额宝,1116.81,收入      ,交易成功    ,0,0,                    ,已收入      
"20200707001080012404340048987534	","                    	",2020/7/8 17:25,                    ,2020/7/8 17:25,支付宝网站     ,即时到账交易          ,蚂蚁财富-蚂蚁（杭州）基金销售有限公司,蚂蚁财富-诺安成长混合-卖出至余额宝  ,2454.1,收入      ,交易成功    ,0,0,                    ,已收入      
"20200707001080012404340048976648	","                    	",2020/7/8 17:21,                    ,2020/7/8 17:21,支付宝网站     ,即时到账交易          ,蚂蚁财富-蚂蚁（杭州）基金销售有限公司,蚂蚁财富-汇添富上证综合指数-卖出至余额宝,2027.86,收入      ,交易成功    ,0,0,                    ,已收入      
"20200708001080012204340049400395	","                    	",2020/7/8 14:57,                    ,2020/7/8 14:57,支付宝网站     ,即时到账交易          ,蚂蚁财富-蚂蚁（杭州）基金销售有限公司,蚂蚁财富-招商中证白酒指数分级-买入  ,300,支出      ,交易成功    ,0,0,                    ,已支出      
"20200706001080012404340048568576	","                    	",2020/7/7 16:43,                    ,2020/7/7 16:43,支付宝网站     ,即时到账交易          ,蚂蚁财富-蚂蚁（杭州）基金销售有限公司,蚂蚁财富-天弘创业板ETF联接C-卖出至余额宝,98.25,收入      ,交易成功    ,0,0,                    ,已收入      
"20200706001080012404340048567240	","                    	",2020/7/7 16:43,                    ,2020/7/7 16:43,支付宝网站     ,即时到账交易          ,蚂蚁财富-蚂蚁（杭州）基金销售有限公司,蚂蚁财富-信诚中证800有色指数-卖出至余额宝,508.72,收入      ,交易成功    ,0,0,                    ,已收入      
"20200706001080012404340048566276	","                    	",2020/7/7 16:42,                    ,2020/7/7 16:42,支付宝网站     ,即时到账交易          ,蚂蚁财富-蚂蚁（杭州）基金销售有限公司,蚂蚁财富-鹏华中证传媒指数分级-卖出至余额宝,526.49,收入      ,交易成功    ,0,0,                    ,已收入      
"20200706001080012404340048579950	","                    	",2020/7/7 16:35,                    ,2020/7/7 16:35,支付宝网站     ,即时到账交易          ,蚂蚁财富-蚂蚁（杭州）基金销售有限公司,蚂蚁财富-前海开源金银珠宝混合A-卖出至余额宝,497.19,收入      ,交易成功    ,0,0,                    ,已收入      
"20200703001080012404340048089549	","                    	",2020/7/6 17:08,                    ,2020/7/6 17:08,支付宝网站     ,即时到账交易          ,蚂蚁财富-蚂蚁（杭州）基金销售有限公司,蚂蚁财富-天弘中证电子ETF联接A-卖出至余额宝,574.19,收入      ,交易成功    ,0,0,                    ,已收入      
"20200703001080012404340048082322	","                    	",2020/7/6 17:08,                    ,2020/7/6 17:08,支付宝网站     ,即时到账交易          ,蚂蚁财富-蚂蚁（杭州）基金销售有限公司,蚂蚁财富-天弘中证电子ETF联接A-卖出至余额宝,1722.6,收入      ,交易成功    ,0,0,                    ,已收入      
"20200703001080012404340048092728	","                    	",2020/7/6 17:06,                    ,2020/7/6 17:06,支付宝网站     ,即时到账交易          ,蚂蚁财富-蚂蚁（杭州）基金销售有限公司,蚂蚁财富-嘉实农业产业股票-卖出至余额宝,550.95,收入      ,交易成功    ,0,0,                    ,已收入      
"20200703001080012404340048065958	","                    	",2020/7/6 17:06,                    ,2020/7/6 17:06,支付宝网站     ,即时到账交易          ,蚂蚁财富-蚂蚁（杭州）基金销售有限公司,蚂蚁财富-嘉实物流产业股票A-卖出至余额宝,1105.22,收入      ,交易成功    ,0,0,                    ,已收入      
"20200703001080012404340048088451	","                    	",2020/7/6 17:04,                    ,2020/7/6 17:04,支付宝网站     ,即时到账交易          ,蚂蚁财富-蚂蚁（杭州）基金销售有限公司,蚂蚁财富-银河创新成长混合-卖出至余额宝,334.42,收入      ,交易成功    ,0,0,                    ,已收入      
"20200703001080012404340048085687	","                    	",2020/7/6 17:01,                    ,2020/7/6 17:01,支付宝网站     ,即时到账交易          ,蚂蚁财富-蚂蚁（杭州）基金销售有限公司,蚂蚁财富-鹏华中证信息技术指数-卖出至余额宝,750.97,收入      ,交易成功    ,0,0,                    ,已收入      
"20200703001080012404340048102337	","                    	",2020/7/6 17:00,                    ,2020/7/6 17:00,支付宝网站     ,即时到账交易          ,蚂蚁财富-蚂蚁（杭州）基金销售有限公司,蚂蚁财富-易方达消费行业股票-卖出至余额宝,145.84,收入      ,交易成功    ,0,0,                    ,已收入      
"20200703001080012404340048082783	","                    	",2020/7/6 17:00,                    ,2020/7/6 17:00,支付宝网站     ,即时到账交易          ,蚂蚁财富-蚂蚁（杭州）基金销售有限公司,蚂蚁财富-富国周期优势混合-卖出至余额宝,125.52,收入      ,交易成功    ,0,0,                    ,已收入      
"20200703001080012404340048086121	","                    	",2020/7/6 17:00,                    ,2020/7/6 17:00,支付宝网站     ,即时到账交易          ,蚂蚁财富-蚂蚁（杭州）基金销售有限公司,蚂蚁财富-汇添富创新医药主题混合-卖出至余额宝,334.54,收入      ,交易成功    ,0,0,                    ,已收入      
"20200703001080012404340048087935	","                    	",2020/7/6 16:59,                    ,2020/7/6 16:59,支付宝网站     ,即时到账交易          ,蚂蚁财富-蚂蚁（杭州）基金销售有限公司,蚂蚁财富-景顺长城新兴成长混合-卖出至余额宝,22.34,收入      ,交易成功    ,0,0,                    ,已收入      
"20200703001080012404340048085142	","                    	",2020/7/6 16:59,                    ,2020/7/6 16:59,支付宝网站     ,即时到账交易          ,蚂蚁财富-蚂蚁（杭州）基金销售有限公司,蚂蚁财富-汇添富上证综合指数-卖出至余额宝,1275.18,收入      ,交易成功    ,0,0,                    ,已收入      
"20200703001080012404340048081041	","                    	",2020/7/6 16:59,                    ,2020/7/6 16:59,支付宝网站     ,即时到账交易          ,蚂蚁财富-蚂蚁（杭州）基金销售有限公司,蚂蚁财富-兴业多策略灵活配置混合-卖出至余额宝,289.6,收入      ,交易成功    ,0,0,                    ,已收入      
"20200703001080012404340048096123	","                    	",2020/7/6 16:59,                    ,2020/7/6 16:59,支付宝网站     ,即时到账交易          ,蚂蚁财富-蚂蚁（杭州）基金销售有限公司,蚂蚁财富-兴业多策略灵活配置混合-卖出至余额宝,868.81,收入      ,交易成功    ,0,0,                    ,已收入      
"20200702001080012404340047739752	","                    	",2020/7/3 16:37,                    ,2020/7/3 16:37,支付宝网站     ,即时到账交易          ,蚂蚁财富-蚂蚁（杭州）基金销售有限公司,蚂蚁财富-华安中证全指证券公司-卖出至余额宝,913.14,收入      ,交易成功    ,0,0,                    ,已收入      
"20200702001080012404340047667968	","                    	",2020/7/3 16:36,                    ,2020/7/3 16:36,支付宝网站     ,即时到账交易          ,蚂蚁财富-蚂蚁（杭州）基金销售有限公司,蚂蚁财富-招商中证白酒指数分级-卖出至余额宝,362.36,收入      ,交易成功    ,0,0,                    ,已收入      
"20200702001080012404340047760423	","                    	",2020/7/3 16:25,                    ,2020/7/3 16:25,支付宝网站     ,即时到账交易          ,蚂蚁财富-蚂蚁（杭州）基金销售有限公司,蚂蚁财富-汇添富上证综合指数-卖出至余额宝,2504.26,收入      ,交易成功    ,0,0,                    ,已收入      
"20200630001080012204340047035628	","                    	",2020/6/30 14:57,                    ,2020/6/30 14:57,支付宝网站     ,即时到账交易          ,蚂蚁财富-蚂蚁（杭州）基金销售有限公司,蚂蚁财富-博时中证银行指数分级-买入  ,200,支出      ,交易成功    ,0,0,                    ,已支出      
"20200629001080012204340046763579	","                    	",2020/6/29 14:48,                    ,2020/6/29 14:48,支付宝网站     ,即时到账交易          ,蚂蚁财富-蚂蚁（杭州）基金销售有限公司,蚂蚁财富-华安中证全指证券公司-买入  ,800,支出      ,交易成功    ,0,0,                    ,已支出      
"20200629001080012204340046734487	","                    	",2020/6/29 14:47,                    ,2020/6/29 14:47,支付宝网站     ,即时到账交易          ,蚂蚁财富-蚂蚁（杭州）基金销售有限公司,蚂蚁财富-诺安成长混合-买入      ,800,支出      ,交易成功    ,0,0,                    ,已支出      
"20200623001080012404340045858704	","                    	",2020/6/24 15:38,                    ,2020/6/24 15:38,支付宝网站     ,即时到账交易          ,蚂蚁财富-蚂蚁（杭州）基金销售有限公司,蚂蚁财富-天弘中证电子ETF联接A-卖出至余额宝,2200.06,收入      ,交易成功    ,0,0,                    ,已收入      
"20200623001080012404340045883128	","                    	",2020/6/24 15:38,                    ,2020/6/24 15:38,支付宝网站     ,即时到账交易          ,蚂蚁财富-蚂蚁（杭州）基金销售有限公司,蚂蚁财富-天弘创业板ETF联接C-卖出至余额宝,1031.99,收入      ,交易成功    ,0,0,                    ,已收入      
"20200623001080012404340045887612	","                    	",2020/6/24 15:37,                    ,2020/6/24 15:37,支付宝网站     ,即时到账交易          ,蚂蚁财富-蚂蚁（杭州）基金销售有限公司,蚂蚁财富-鹏华中证信息技术指数-卖出至余额宝,1219.07,收入      ,交易成功    ,0,0,                    ,已收入      
"20200623001080012204340045860827	","                    	",2020/6/23 14:53,                    ,2020/6/23 14:53,支付宝网站     ,即时到账交易          ,蚂蚁财富-蚂蚁（杭州）基金销售有限公司,蚂蚁财富-方正富邦中证保险主题-买入  ,500,支出      ,交易成功    ,0,0,                    ,已支出      
"20200623001080012204340045857695	","                    	",2020/6/23 14:49,                    ,2020/6/23 14:49,支付宝网站     ,即时到账交易          ,蚂蚁财富-蚂蚁（杭州）基金销售有限公司,蚂蚁财富-方正富邦中证保险主题-买入  ,500,支出      ,交易成功    ,0,0,                    ,已支出      
"20200619001080014304340045171541	","                    	",2020/6/19 10:28,                    ,2020/6/19 10:28,支付宝网站     ,即时到账交易          ,蚂蚁财富-蚂蚁（杭州）基金销售有限公司,蚂蚁财富-鹏华丰禄债券-现金分红至余额宝,159.92,收入      ,交易成功    ,0,0,                    ,已收入      
"20200617001080012204340044676919	","                    	",2020/6/17 14:59,                    ,2020/6/17 14:59,支付宝网站     ,即时到账交易          ,蚂蚁财富-蚂蚁（杭州）基金销售有限公司,蚂蚁财富-招商中证白酒指数分级-买入  ,100,支出      ,交易成功    ,0,0,                    ,已支出      
"20200617001080012204340044647273	","                    	",2020/6/17 14:47,                    ,2020/6/17 14:47,支付宝网站     ,即时到账交易          ,蚂蚁财富-蚂蚁（杭州）基金销售有限公司,蚂蚁财富-诺安成长混合-买入      ,300,支出      ,交易成功    ,0,0,                    ,已支出      
"20200615001080012204340044149730	","                    	",2020/6/15 14:53,                    ,2020/6/15 14:53,支付宝网站     ,即时到账交易          ,蚂蚁财富-蚂蚁（杭州）基金销售有限公司,蚂蚁财富-易方达消费行业股票-买入   ,100,支出      ,交易成功    ,0,0,                    ,已支出      
"20200615001080012204340044167874	","                    	",2020/6/15 14:53,                    ,2020/6/15 14:53,支付宝网站     ,即时到账交易          ,蚂蚁财富-蚂蚁（杭州）基金销售有限公司,蚂蚁财富-招商中证白酒指数分级-买入  ,100,支出      ,交易成功    ,0,0,                    ,已支出      
"20200615001080012204340044158530	","                    	",2020/6/15 14:48,                    ,2020/6/15 14:48,支付宝网站     ,即时到账交易          ,蚂蚁财富-蚂蚁（杭州）基金销售有限公司,蚂蚁财富-诺安成长混合-买入      ,1000,支出      ,交易成功    ,0,0,                    ,已支出      
"20200615001080014304340044106488	","                    	",2020/6/15 11:24,                    ,2020/6/15 11:24,支付宝网站     ,即时到账交易          ,蚂蚁财富-蚂蚁（杭州）基金销售有限公司,蚂蚁财富-富国稳健增强债券C-现金分红至余额宝,20.7,收入      ,交易成功    ,0,0,                    ,已收入      
"20200612001080012204340043759896	","                    	",2020/6/12 14:43,                    ,2020/6/12 14:44,支付宝网站     ,即时到账交易          ,蚂蚁财富-蚂蚁（杭州）基金销售有限公司,蚂蚁财富-方正富邦中证保险主题-买入  ,300,支出      ,交易成功    ,0,0,                    ,已支出      
"20200611001080012204340043496364	","                    	",2020/6/11 14:47,                    ,2020/6/11 14:47,支付宝网站     ,即时到账交易          ,蚂蚁财富-蚂蚁（杭州）基金销售有限公司,蚂蚁财富-嘉实农业产业股票-买入    ,500,支出      ,交易成功    ,0,0,                    ,已支出      
"20200611001080012204340043455170	","                    	",2020/6/11 14:46,                    ,2020/6/11 14:46,支付宝网站     ,即时到账交易          ,蚂蚁财富-蚂蚁（杭州）基金销售有限公司,蚂蚁财富-方正富邦中证保险主题-买入  ,500,支出      ,交易成功    ,0,0,                    ,已支出      
"20200610001080012204340043199480	","                    	",2020/6/10 14:18,                    ,2020/6/10 14:18,支付宝网站     ,即时到账交易          ,蚂蚁财富-蚂蚁（杭州）基金销售有限公司,蚂蚁财富-华安中证全指证券公司-买入  ,300,支出      ,交易成功    ,0,0,                    ,已支出      
"20200610001080012204340043188023	","                    	",2020/6/10 14:18,                    ,2020/6/10 14:18,支付宝网站     ,即时到账交易          ,蚂蚁财富-蚂蚁（杭州）基金销售有限公司,蚂蚁财富-方正富邦中证保险主题-买入  ,400,支出      ,交易成功    ,0,0,                    ,已支出      
"20200608001080012204340042704963	","                    	",2020/6/8 14:54,                    ,2020/6/8 14:54,支付宝网站     ,即时到账交易          ,蚂蚁财富-蚂蚁（杭州）基金销售有限公司,蚂蚁财富-银河创新成长混合-买入    ,300,支出      ,交易成功    ,0,0,                    ,已支出      
"20200608001080012204340042718941	","                    	",2020/6/8 14:48,                    ,2020/6/8 14:48,支付宝网站     ,即时到账交易          ,蚂蚁财富-蚂蚁（杭州）基金销售有限公司,蚂蚁财富-汇添富创新医药主题混合-买入 ,300,支出      ,交易成功    ,0,0,                    ,已支出      
"20200601001080012404340041294088	","                    	",2020/6/2 15:45,                    ,2020/6/2 15:45,支付宝网站     ,即时到账交易          ,蚂蚁财富-蚂蚁（杭州）基金销售有限公司,蚂蚁财富-易方达消费行业股票-卖出至余额宝,2789.41,收入      ,交易成功    ,0,0,                    ,已收入      
"20200527001080012204340040268499	","                    	",2020/5/27 9:16,                    ,2020/5/27 9:16,支付宝网站     ,即时到账交易          ,蚂蚁财富-蚂蚁（杭州）基金销售有限公司,蚂蚁财富-鹏华丰禄债券-买入      ,100,支出      ,交易成功    ,0,0,                    ,已支出      
"20200525001080012404340039913347	","                    	",2020/5/26 15:24,                    ,2020/5/26 15:24,支付宝网站     ,即时到账交易          ,蚂蚁财富-蚂蚁（杭州）基金销售有限公司,蚂蚁财富-嘉实农业产业股票-卖出至余额宝,767.73,收入      ,交易成功    ,0,0,                    ,已收入      
"20200526001080012204340040069843	","                    	",2020/5/26 9:14,                    ,2020/5/26 9:14,支付宝网站     ,即时到账交易          ,蚂蚁财富-蚂蚁（杭州）基金销售有限公司,蚂蚁财富-鹏华丰禄债券-买入      ,100,支出      ,交易成功    ,0,0,                    ,已支出      
"20200525001080012204340039924240	","                    	",2020/5/25 14:46,                    ,2020/5/25 14:46,支付宝网站     ,即时到账交易          ,蚂蚁财富-蚂蚁（杭州）基金销售有限公司,蚂蚁财富-天弘中证电子ETF联接A-买入,500,支出      ,交易成功    ,0,0,                    ,已支出      
"20200525001080012204340039905655	","                    	",2020/5/25 14:45,                    ,2020/5/25 14:45,支付宝网站     ,即时到账交易          ,蚂蚁财富-蚂蚁（杭州）基金销售有限公司,蚂蚁财富-诺安成长混合-买入      ,500,支出      ,交易成功    ,0,0,                    ,已支出      
"20200525001080012204340039801442	","                    	",2020/5/25 9:29,                    ,2020/5/25 9:29,支付宝网站     ,即时到账交易          ,蚂蚁财富-蚂蚁（杭州）基金销售有限公司,蚂蚁财富-鹏华丰禄债券-买入      ,100,支出      ,交易成功    ,0,0,                    ,已支出      
"20200521001080012404340039230939	","                    	",2020/5/22 15:58,                    ,2020/5/22 15:58,支付宝网站     ,即时到账交易          ,蚂蚁财富-蚂蚁（杭州）基金销售有限公司,蚂蚁财富-招商中证白酒指数分级-卖出至余额宝,3127.06,收入      ,交易成功    ,0,0,                    ,已收入      
"20200522001080012204340039384607	","                    	",2020/5/22 9:18,                    ,2020/5/22 9:18,支付宝网站     ,即时到账交易          ,蚂蚁财富-蚂蚁（杭州）基金销售有限公司,蚂蚁财富-鹏华丰禄债券-买入      ,100,支出      ,交易成功    ,0,0,                    ,已支出      
"20200520001080012404340038957317	","                    	",2020/5/21 15:36,                    ,2020/5/21 15:36,支付宝网站     ,即时到账交易          ,蚂蚁财富-蚂蚁（杭州）基金销售有限公司,蚂蚁财富-汇添富创新医药主题混合-卖出至余额宝,252.93,收入      ,交易成功    ,0,0,                    ,已收入      
"20200521001080012204340039219076	","                    	",2020/5/21 14:53,                    ,2020/5/21 14:53,支付宝网站     ,即时到账交易          ,蚂蚁财富-蚂蚁（杭州）基金销售有限公司,蚂蚁财富-诺安成长混合-买入      ,500,支出      ,交易成功    ,0,0,                    ,已支出      
"20200521001080012204340039100346	","                    	",2020/5/21 9:22,                    ,2020/5/21 9:22,支付宝网站     ,即时到账交易          ,蚂蚁财富-蚂蚁（杭州）基金销售有限公司,蚂蚁财富-鹏华丰禄债券-买入      ,100,支出      ,交易成功    ,0,0,                    ,已支出      
"20200520001080012204340038940840	","                    	",2020/5/20 14:55,                    ,2020/5/20 14:56,支付宝网站     ,即时到账交易          ,蚂蚁财富-蚂蚁（杭州）基金销售有限公司,蚂蚁财富-诺安成长混合-买入      ,300,支出      ,交易成功    ,0,0,                    ,已支出      
"20200520001080012204340038808850	","                    	",2020/5/20 9:17,                    ,2020/5/20 9:17,支付宝网站     ,即时到账交易          ,蚂蚁财富-蚂蚁（杭州）基金销售有限公司,蚂蚁财富-鹏华丰禄债券-买入      ,100,支出      ,交易成功    ,0,0,                    ,已支出      
"20200519001080012204340038541000	","                    	",2020/5/19 9:14,                    ,2020/5/19 9:14,支付宝网站     ,即时到账交易          ,蚂蚁财富-蚂蚁（杭州）基金销售有限公司,蚂蚁财富-鹏华丰禄债券-买入      ,100,支出      ,交易成功    ,0,0,                    ,已支出      
"20200518001080012204340038381114	","                    	",2020/5/18 14:52,                    ,2020/5/18 14:52,支付宝网站     ,即时到账交易          ,蚂蚁财富-蚂蚁（杭州）基金销售有限公司,蚂蚁财富-诺安成长混合-买入      ,500,支出      ,交易成功    ,0,0,                    ,已支出      
"20200518001080012204340038233591	","                    	",2020/5/18 9:30,                    ,2020/5/18 9:30,支付宝网站     ,即时到账交易          ,蚂蚁财富-蚂蚁（杭州）基金销售有限公司,蚂蚁财富-鹏华丰禄债券-买入      ,100,支出      ,交易成功    ,0,0,                    ,已支出      
"20200515001080012204340037910772	","                    	",2020/5/15 9:18,                    ,2020/5/15 9:18,支付宝网站     ,即时到账交易          ,蚂蚁财富-蚂蚁（杭州）基金销售有限公司,蚂蚁财富-鹏华丰禄债券-买入      ,100,支出      ,交易成功    ,0,0,                    ,已支出      
"20200514001080012204340037740032	","                    	",2020/5/14 14:53,                    ,2020/5/14 14:53,支付宝网站     ,即时到账交易          ,蚂蚁财富-蚂蚁（杭州）基金销售有限公司,蚂蚁财富-方正富邦中证保险主题-买入  ,200,支出      ,交易成功    ,0,0,                    ,已支出      
"20200514001080012204340037746853	","                    	",2020/5/14 14:52,                    ,2020/5/14 14:52,支付宝网站     ,即时到账交易          ,蚂蚁财富-蚂蚁（杭州）基金销售有限公司,蚂蚁财富-嘉实物流产业股票A-买入   ,300,支出      ,交易成功    ,0,0,                    ,已支出      
"20200514001080012204340037688503	","                    	",2020/5/14 13:31,                    ,2020/5/14 13:31,支付宝网站     ,即时到账交易          ,蚂蚁财富-蚂蚁（杭州）基金销售有限公司,蚂蚁财富-华安中证全指证券公司-买入  ,500,支出      ,交易成功    ,0,0,                    ,已支出      
"20200514001080012204340037619069	","                    	",2020/5/14 9:21,                    ,2020/5/14 9:21,支付宝网站     ,即时到账交易          ,蚂蚁财富-蚂蚁（杭州）基金销售有限公司,蚂蚁财富-鹏华丰禄债券-买入      ,100,支出      ,交易成功    ,0,0,                    ,已支出      
"20200513001080012204340037363007	","                    	",2020/5/13 9:16,                    ,2020/5/13 9:16,支付宝网站     ,即时到账交易          ,蚂蚁财富-蚂蚁（杭州）基金销售有限公司,蚂蚁财富-鹏华丰禄债券-买入      ,100,支出      ,交易成功    ,0,0,                    ,已支出      
"20200512001080012204340037135346	","                    	",2020/5/12 9:14,                    ,2020/5/12 9:14,支付宝网站     ,即时到账交易          ,蚂蚁财富-蚂蚁（杭州）基金销售有限公司,蚂蚁财富-鹏华丰禄债券-买入      ,100,支出      ,交易成功    ,0,0,                    ,已支出      
"20200511001080012204340036974680	","                    	",2020/5/11 14:57,                    ,2020/5/11 14:57,支付宝网站     ,即时到账交易          ,蚂蚁财富-蚂蚁（杭州）基金销售有限公司,蚂蚁财富-天弘创业板ETF联接C-买入 ,200,支出      ,交易成功    ,0,0,                    ,已支出      
"20200511001080012204340036979065	","                    	",2020/5/11 14:57,                    ,2020/5/11 14:57,支付宝网站     ,即时到账交易          ,蚂蚁财富-蚂蚁（杭州）基金销售有限公司,蚂蚁财富-诺安成长混合-买入      ,100,支出      ,交易成功    ,0,0,                    ,已支出      
"20200511001080012204340036985879	","                    	",2020/5/11 14:55,                    ,2020/5/11 14:55,支付宝网站     ,即时到账交易          ,蚂蚁财富-蚂蚁（杭州）基金销售有限公司,蚂蚁财富-嘉实农业产业股票-买入    ,200,支出      ,交易成功    ,0,0,                    ,已支出      
"20200511001080012204340036812311	","                    	",2020/5/11 9:30,                    ,2020/5/11 9:30,支付宝网站     ,即时到账交易          ,蚂蚁财富-蚂蚁（杭州）基金销售有限公司,蚂蚁财富-鹏华丰禄债券-买入      ,100,支出      ,交易成功    ,0,0,                    ,已支出      
"20200508001080012204340036444459	","                    	",2020/5/8 9:18,                    ,2020/5/8 9:18,支付宝网站     ,即时到账交易          ,蚂蚁财富-蚂蚁（杭州）基金销售有限公司,蚂蚁财富-鹏华丰禄债券-买入      ,100,支出      ,交易成功    ,0,0,                    ,已支出      
"20200507001080012204340036185839	","                    	",2020/5/7 9:21,                    ,2020/5/7 9:21,支付宝网站     ,即时到账交易          ,蚂蚁财富-蚂蚁（杭州）基金销售有限公司,蚂蚁财富-鹏华丰禄债券-买入      ,100,支出      ,交易成功    ,0,0,                    ,已支出      
"20200506001080012204340035967652	","                    	",2020/5/6 12:11,                    ,2020/5/6 12:11,支付宝网站     ,即时到账交易          ,蚂蚁财富-蚂蚁（杭州）基金销售有限公司,蚂蚁财富-富国稳健增强债券C-买入   ,1000,支出      ,交易成功    ,0,0,                    ,已支出      
"20200506001080012204340035791260	","                    	",2020/5/6 7:06,                    ,2020/5/6 7:06,支付宝网站     ,即时到账交易          ,蚂蚁财富-蚂蚁（杭州）基金销售有限公司,蚂蚁财富-鹏华丰禄债券-买入      ,100,支出      ,交易成功    ,0,0,                    ,已支出      
"20200430001080012204340035393384	","                    	",2020/4/30 9:26,                    ,2020/4/30 9:26,支付宝网站     ,即时到账交易          ,蚂蚁财富-蚂蚁（杭州）基金销售有限公司,蚂蚁财富-鹏华丰禄债券-买入      ,100,支出      ,交易成功    ,0,0,                    ,已支出      
"20200428001080012404340035001982	","                    	",2020/4/29 15:24,                    ,2020/4/29 15:24,支付宝网站     ,即时到账交易          ,蚂蚁财富-蚂蚁（杭州）基金销售有限公司,蚂蚁财富-国泰国证食品饮料行业-卖出至余额宝,111.4,收入      ,交易成功    ,0,0,                    ,已收入      
"20200429001080012204340035151113	","                    	",2020/4/29 9:21,                    ,2020/4/29 9:21,支付宝网站     ,即时到账交易          ,蚂蚁财富-蚂蚁（杭州）基金销售有限公司,蚂蚁财富-鹏华丰禄债券-买入      ,100,支出      ,交易成功    ,0,0,                    ,已支出      
"20200428001080012204340035072013	","                    	",2020/4/28 18:28,                    ,2020/4/28 18:28,支付宝网站     ,即时到账交易          ,蚂蚁财富-蚂蚁（杭州）基金销售有限公司,蚂蚁财富-鹏华丰禄债券-买入退款    ,100,收入      ,交易成功    ,0,0,                    ,已收入      
"20200428001080012204340035072013	","                    	",2020/4/28 18:24,                    ,2020/4/28 18:28,支付宝网站     ,即时到账交易          ,蚂蚁财富-蚂蚁（杭州）基金销售有限公司,蚂蚁财富-鹏华丰禄债券-买入      ,100,支出      ,交易成功    ,0,0,                    ,已支出      
"20200416001080012404340032754094	","                    	",2020/4/17 16:29,                    ,2020/4/17 16:29,支付宝网站     ,即时到账交易          ,蚂蚁财富-蚂蚁（杭州）基金销售有限公司,蚂蚁财富-招商国证生物医药指数-卖出至余额宝,784.27,收入      ,交易成功    ,0,0,                    ,已收入      
"20200417001080012204340032858663	","                    	",2020/4/17 6:09,                    ,2020/4/17 6:09,支付宝网站     ,即时到账交易          ,蚂蚁财富-蚂蚁（杭州）基金销售有限公司,蚂蚁财富-鹏华丰禄债券-买入      ,1000,支出      ,交易成功    ,0,0,                    ,已支出      
"20200415001080012204340032539245	","                    	",2020/4/15 23:57,                    ,2020/4/15 23:57,支付宝网站     ,即时到账交易          ,蚂蚁财富-蚂蚁（杭州）基金销售有限公司,蚂蚁财富-鹏华丰禄债券-买入      ,1000,支出      ,交易成功    ,0,0,                    ,已支出      
"20200414001080012204340032301676	","                    	",2020/4/14 21:42,                    ,2020/4/14 21:42,支付宝网站     ,即时到账交易          ,蚂蚁财富-蚂蚁（杭州）基金销售有限公司,蚂蚁财富-鹏华丰禄债券-买入      ,1000,支出      ,交易成功    ,0,0,                    ,已支出      
"20200411001080012204340031691444	","                    	",2020/4/14 15:23,                    ,2020/4/14 15:23,支付宝网站     ,即时到账交易          ,蚂蚁财富-蚂蚁（杭州）基金销售有限公司,蚂蚁财富-鹏华丰融定期开放债券-买入退款,1635.72,收入      ,交易成功    ,0,0,                    ,已收入      
"20200414001080012204340032211366	","                    	",2020/4/14 12:06,                    ,2020/4/14 12:07,支付宝网站     ,即时到账交易          ,蚂蚁财富-蚂蚁（杭州）基金销售有限公司,蚂蚁财富-鹏华丰禄债券-买入      ,1000,支出      ,交易成功    ,0,0,                    ,已支出      
"20200411001080012204340031691444	","                    	",2020/4/11 4:12,                    ,2020/4/14 9:48,支付宝网站     ,即时到账交易          ,蚂蚁财富-蚂蚁（杭州）基金销售有限公司,蚂蚁财富-鹏华丰融定期开放债券-买入  ,2000,支出      ,交易成功    ,0,0,                    ,已支出      
"20200323001080012204340028041787	","                    	",2020/3/23 14:56,                    ,2020/3/23 14:56,支付宝网站     ,即时到账交易          ,蚂蚁财富-蚂蚁（杭州）基金销售有限公司,蚂蚁财富-汇添富上证综合指数-买入   ,1000,支出      ,交易成功    ,0,0,                    ,已支出      
"20200317001080012204340026760486	","                    	",2020/3/17 14:52,                    ,2020/3/17 14:52,支付宝网站     ,即时到账交易          ,蚂蚁财富-蚂蚁（杭州）基金销售有限公司,蚂蚁财富-汇添富上证综合指数-买入   ,2000,支出      ,交易成功    ,0,0,                    ,已支出      
"20200316001080012204340026462308	","                    	",2020/3/16 14:59,                    ,2020/3/16 14:59,支付宝网站     ,即时到账交易          ,蚂蚁财富-蚂蚁（杭州）基金销售有限公司,蚂蚁财富-天弘中证电子ETF联接A-买入,2000,支出      ,交易成功    ,0,0,                    ,已支出      
"20200312001080012204340025695566	","                    	",2020/3/12 14:52,                    ,2020/3/12 14:53,支付宝网站     ,即时到账交易          ,蚂蚁财富-蚂蚁（杭州）基金销售有限公司,蚂蚁财富-天弘创业板ETF联接C-买入 ,500,支出      ,交易成功    ,0,0,                    ,已支出      
"20200312001080012204340025688974	","                    	",2020/3/12 14:52,                    ,2020/3/12 14:52,支付宝网站     ,即时到账交易          ,蚂蚁财富-蚂蚁（杭州）基金销售有限公司,蚂蚁财富-汇添富上证综合指数-买入   ,2000,支出      ,交易成功    ,0,0,                    ,已支出      
"20200312001080012204340025703595	","                    	",2020/3/12 14:50,                    ,2020/3/12 14:50,支付宝网站     ,即时到账交易          ,蚂蚁财富-蚂蚁（杭州）基金销售有限公司,蚂蚁财富-嘉实农业产业股票-买入    ,500,支出      ,交易成功    ,0,0,                    ,已支出      
"20200312001080012204340025702341	","                    	",2020/3/12 14:47,                    ,2020/3/12 14:47,支付宝网站     ,即时到账交易          ,蚂蚁财富-蚂蚁（杭州）基金销售有限公司,蚂蚁财富-鹏华中证信息技术指数-买入  ,1000,支出      ,交易成功    ,0,0,                    ,已支出      
"20200312001080012204340025681230	","                    	",2020/3/12 14:47,                    ,2020/3/12 14:47,支付宝网站     ,即时到账交易          ,蚂蚁财富-蚂蚁（杭州）基金销售有限公司,蚂蚁财富-天弘中证电子ETF联接A-买入,600,支出      ,交易成功    ,0,0,                    ,已支出      
"20200311001080012204340025380695	","                    	",2020/3/11 14:50,                    ,2020/3/11 14:50,支付宝网站     ,即时到账交易          ,蚂蚁财富-蚂蚁（杭州）基金销售有限公司,蚂蚁财富-鹏华中证信息技术指数-买入  ,500,支出      ,交易成功    ,0,0,                    ,已支出      
"20200311001080012204340025345302	","                    	",2020/3/11 14:23,                    ,2020/3/11 14:24,支付宝网站     ,即时到账交易          ,蚂蚁财富-蚂蚁（杭州）基金销售有限公司,蚂蚁财富-天弘中证电子ETF联接A-买入,500,支出      ,交易成功    ,0,0,                    ,已支出      
"20200309001080012204340024781897	","                    	",2020/3/9 14:59,                    ,2020/3/9 14:59,支付宝网站     ,即时到账交易          ,蚂蚁财富-蚂蚁（杭州）基金销售有限公司,蚂蚁财富-招商中证白酒指数分级-买入  ,200,支出      ,交易成功    ,0,0,                    ,已支出      
"20200309001080012204340024778392	","                    	",2020/3/9 14:58,                    ,2020/3/9 14:58,支付宝网站     ,即时到账交易          ,蚂蚁财富-蚂蚁（杭州）基金销售有限公司,蚂蚁财富-天弘创业板ETF联接C-买入 ,200,支出      ,交易成功    ,0,0,                    ,已支出      
"20200309001080012204340024736419	","                    	",2020/3/9 14:22,                    ,2020/3/9 14:22,支付宝网站     ,即时到账交易          ,蚂蚁财富-蚂蚁（杭州）基金销售有限公司,蚂蚁财富-易方达消费行业股票-买入   ,300,支出      ,交易成功    ,0,0,                    ,已支出      
"20200309001080012204340024724174	","                    	",2020/3/9 14:22,                    ,2020/3/9 14:22,支付宝网站     ,即时到账交易          ,蚂蚁财富-蚂蚁（杭州）基金销售有限公司,蚂蚁财富-鹏华中证信息技术指数-买入  ,200,支出      ,交易成功    ,0,0,                    ,已支出      
"20200309001080012204340024734381	","                    	",2020/3/9 14:21,                    ,2020/3/9 14:21,支付宝网站     ,即时到账交易          ,蚂蚁财富-蚂蚁（杭州）基金销售有限公司,蚂蚁财富-天弘中证电子ETF联接A-买入,200,支出      ,交易成功    ,0,0,                    ,已支出      
"20200225001080012204340021660199	","                    	",2020/2/25 14:58,                    ,2020/2/25 14:59,支付宝网站     ,即时到账交易          ,蚂蚁财富-蚂蚁（杭州）基金销售有限公司,蚂蚁财富-易方达消费行业股票-买入   ,500,支出      ,交易成功    ,0,0,                    ,已支出      
"20200225001080012204340021661566	","                    	",2020/2/25 14:58,                    ,2020/2/25 14:58,支付宝网站     ,即时到账交易          ,蚂蚁财富-蚂蚁（杭州）基金销售有限公司,蚂蚁财富-招商中证白酒指数分级-买入  ,200,支出      ,交易成功    ,0,0,                    ,已支出      
"20200225001080012204340021658762	","                    	",2020/2/25 14:58,                    ,2020/2/25 14:58,支付宝网站     ,即时到账交易          ,蚂蚁财富-蚂蚁（杭州）基金销售有限公司,蚂蚁财富-博时中证银行指数分级-买入  ,200,支出      ,交易成功    ,0,0,                    ,已支出      
"20200225001080012204340021662284	","                    	",2020/2/25 14:57,                    ,2020/2/25 14:57,支付宝网站     ,即时到账交易          ,蚂蚁财富-蚂蚁（杭州）基金销售有限公司,蚂蚁财富-方正富邦中证保险主题-买入  ,200,支出      ,交易成功    ,0,0,                    ,已支出      
"20200225001080012204340021663026	","                    	",2020/2/25 14:57,                    ,2020/2/25 14:57,支付宝网站     ,即时到账交易          ,蚂蚁财富-蚂蚁（杭州）基金销售有限公司,蚂蚁财富-鹏华中证传媒指数分级-买入  ,500,支出      ,交易成功    ,0,0,                    ,已支出      
"20200225001080012204340021659089	","                    	",2020/2/25 14:56,                    ,2020/2/25 14:57,支付宝网站     ,即时到账交易          ,蚂蚁财富-蚂蚁（杭州）基金销售有限公司,蚂蚁财富-汇添富中证环境治理指数(LOF)A-买入,500,支出      ,交易成功    ,0,0,                    ,已支出      
"20200221001080012404340020754776	","                    	",2020/2/24 15:24,                    ,2020/2/24 15:24,支付宝网站     ,即时到账交易          ,蚂蚁财富-蚂蚁（杭州）基金销售有限公司,蚂蚁财富-鹏华中证信息技术指数-卖出至余额宝,4255.38,收入      ,交易成功    ,0,0,                    ,已收入      
"20200221001080012404340020753198	","                    	",2020/2/24 15:22,                    ,2020/2/24 15:22,支付宝网站     ,即时到账交易          ,蚂蚁财富-蚂蚁（杭州）基金销售有限公司,蚂蚁财富-天弘中证电子指数A-卖出至余额宝,1669.52,收入      ,交易成功    ,0,0,                    ,已收入      
"20200224001080012204340021278298	","                    	",2020/2/24 14:59,                    ,2020/2/24 14:59,支付宝网站     ,即时到账交易          ,蚂蚁财富-蚂蚁（杭州）基金销售有限公司,蚂蚁财富-天弘上证50指数A-买入   ,500,支出      ,交易成功    ,0,0,                    ,已支出      
"20200224001080012204340021278908	","                    	",2020/2/24 14:59,                    ,2020/2/24 14:59,支付宝网站     ,即时到账交易          ,蚂蚁财富-蚂蚁（杭州）基金销售有限公司,蚂蚁财富-方正富邦中证保险主题-买入  ,500,支出      ,交易成功    ,0,0,                    ,已支出      
"20200224001080012204340021274064	","                    	",2020/2/24 14:58,                    ,2020/2/24 14:58,支付宝网站     ,即时到账交易          ,蚂蚁财富-蚂蚁（杭州）基金销售有限公司,蚂蚁财富-招商中证白酒指数分级-买入  ,1000,支出      ,交易成功    ,0,0,                    ,已支出      
"20200221001080012204340020787886	","                    	",2020/2/21 14:59,                    ,2020/2/21 14:59,支付宝网站     ,即时到账交易          ,蚂蚁财富-蚂蚁（杭州）基金销售有限公司,蚂蚁财富-易方达消费行业股票-买入   ,500,支出      ,交易成功    ,0,0,                    ,已支出      
"20200220001080012204340020475041	","                    	",2020/2/20 14:56,                    ,2020/2/20 14:56,支付宝网站     ,即时到账交易          ,蚂蚁财富-蚂蚁（杭州）基金销售有限公司,蚂蚁财富-前海开源金银珠宝主题精选灵活配置混合A-买入,300,支出      ,交易成功    ,0,0,                    ,已支出      
"20200220001080012204340020470713	","                    	",2020/2/20 14:54,                    ,2020/2/20 14:54,支付宝网站     ,即时到账交易          ,蚂蚁财富-蚂蚁（杭州）基金销售有限公司,蚂蚁财富-前海开源金银珠宝主题精选灵活配置混合A-买入,200,支出      ,交易成功    ,0,0,                    ,已支出      
"20200219001080012204340020168207	","                    	",2020/2/19 14:56,                    ,2020/2/19 14:56,支付宝网站     ,即时到账交易          ,蚂蚁财富-蚂蚁（杭州）基金销售有限公司,蚂蚁财富-信诚中证800有色指数-买入 ,300,支出      ,交易成功    ,0,0,                    ,已支出      
"20200219001080012204340020143037	","                    	",2020/2/19 14:35,                    ,2020/2/19 14:35,支付宝网站     ,即时到账交易          ,蚂蚁财富-蚂蚁（杭州）基金销售有限公司,蚂蚁财富-信诚中证800有色指数-买入 ,200,支出      ,交易成功    ,0,0,                    ,已支出      
"20200219001080012204340020144432	","                    	",2020/2/19 14:35,                    ,2020/2/19 14:35,支付宝网站     ,即时到账交易          ,蚂蚁财富-蚂蚁（杭州）基金销售有限公司,蚂蚁财富-招商国证生物医药指数-买入  ,500,支出      ,交易成功    ,0,0,                    ,已支出      
"20200219001080012204340020142853	","                    	",2020/2/19 14:34,                    ,2020/2/19 14:34,支付宝网站     ,即时到账交易          ,蚂蚁财富-蚂蚁（杭州）基金销售有限公司,蚂蚁财富-鹏华中证传媒指数分级-买入  ,1000,支出      ,交易成功    ,0,0,                    ,已支出      
"20200218001080012204340019835563	","                    	",2020/2/18 14:55,                    ,2020/2/18 14:56,支付宝网站     ,即时到账交易          ,蚂蚁财富-蚂蚁（杭州）基金销售有限公司,蚂蚁财富-招商国证生物医药指数-买入  ,200,支出      ,交易成功    ,0,0,                    ,已支出      
"20200218001080012204340019825974	","                    	",2020/2/18 14:37,                    ,2020/2/18 14:37,支付宝网站     ,即时到账交易          ,蚂蚁财富-蚂蚁（杭州）基金销售有限公司,蚂蚁财富-易方达消费行业股票-买入   ,200,支出      ,交易成功    ,0,0,                    ,已支出      
"20200218001080012204340019815897	","                    	",2020/2/18 14:13,                    ,2020/2/18 14:13,支付宝网站     ,即时到账交易          ,蚂蚁财富-蚂蚁（杭州）基金销售有限公司,蚂蚁财富-博时中证银行指数分级-买入  ,500,支出      ,交易成功    ,0,0,                    ,已支出      
"20200218001080012204340019818890	","                    	",2020/2/18 14:12,                    ,2020/2/18 14:12,支付宝网站     ,即时到账交易          ,蚂蚁财富-蚂蚁（杭州）基金销售有限公司,蚂蚁财富-天弘上证50指数A-买入   ,600,支出      ,交易成功    ,0,0,                    ,已支出      
"20200218001080012204340019818584	","                    	",2020/2/18 14:11,                    ,2020/2/18 14:11,支付宝网站     ,即时到账交易          ,蚂蚁财富-蚂蚁（杭州）基金销售有限公司,蚂蚁财富-方正富邦中证保险主题-买入  ,500,支出      ,交易成功    ,0,0,                    ,已支出      
"20200217001080012204340019399071	","                    	",2020/2/17 9:20,                    ,2020/2/17 9:20,支付宝网站     ,即时到账交易          ,蚂蚁财富-蚂蚁（杭州）基金销售有限公司,蚂蚁财富-浙商聚潮新思维混合-买入退款 ,10,收入      ,交易成功    ,0,0,                    ,已收入      
"20200217001080012204340019399071	","                    	",2020/2/17 9:09,                    ,2020/2/17 9:20,支付宝网站     ,即时到账交易          ,蚂蚁财富-蚂蚁（杭州）基金销售有限公司,蚂蚁财富-浙商聚潮新思维混合-买入   ,10,支出      ,交易成功    ,0,0,                    ,已支出      
"20200214001080012204340019213190	","                    	",2020/2/14 14:56,                    ,2020/2/14 14:56,支付宝网站     ,即时到账交易          ,蚂蚁财富-蚂蚁（杭州）基金销售有限公司,蚂蚁财富-汇添富中证环境治理指数(LOF)A-买入,200,支出      ,交易成功    ,0,0,                    ,已支出      
"20200214001080012204340019200867	","                    	",2020/2/14 14:44,                    ,2020/2/14 14:44,支付宝网站     ,即时到账交易          ,蚂蚁财富-蚂蚁（杭州）基金销售有限公司,蚂蚁财富-招商中证白酒指数分级-买入  ,500,支出      ,交易成功    ,0,0,                    ,已支出      
"20200213001080012204340018954327	","                    	",2020/2/13 14:51,                    ,2020/2/13 14:51,支付宝网站     ,即时到账交易          ,蚂蚁财富-蚂蚁（杭州）基金销售有限公司,蚂蚁财富-鹏华中证传媒指数分级-买入  ,500,支出      ,交易成功    ,0,0,                    ,已支出      
"20200213001080012204340018951247	","                    	",2020/2/13 14:47,                    ,2020/2/13 14:47,支付宝网站     ,即时到账交易          ,蚂蚁财富-蚂蚁（杭州）基金销售有限公司,蚂蚁财富-嘉实物流产业股票A-买入   ,200,支出      ,交易成功    ,0,0,                    ,已支出      
"20200213001080012204340018954203	","                    	",2020/2/13 14:46,                    ,2020/2/13 14:46,支付宝网站     ,即时到账交易          ,蚂蚁财富-蚂蚁（杭州）基金销售有限公司,蚂蚁财富-国泰国证食品饮料行业-买入  ,100,支出      ,交易成功    ,0,0,                    ,已支出      
"20200213001080012204340018954687	","                    	",2020/2/13 14:45,                    ,2020/2/13 14:45,支付宝网站     ,即时到账交易          ,蚂蚁财富-蚂蚁（杭州）基金销售有限公司,蚂蚁财富-汇添富创新医药主题混合-买入 ,200,支出      ,交易成功    ,0,0,                    ,已支出      
"20200213001080012204340018953436	","                    	",2020/2/13 14:44,                    ,2020/2/13 14:44,支付宝网站     ,即时到账交易          ,蚂蚁财富-蚂蚁（杭州）基金销售有限公司,蚂蚁财富-富国周期优势混合-买入    ,100,支出      ,交易成功    ,0,0,                    ,已支出      
"20200211001080012204340018430741	","                    	",2020/2/11 13:50,                    ,2020/2/11 13:50,支付宝网站     ,即时到账交易          ,蚂蚁财富-蚂蚁（杭州）基金销售有限公司,蚂蚁财富-汇添富中证环境治理指数(LOF)A-买入,1000,支出      ,交易成功    ,0,0,                    ,已支出      
"20200211001080012204340018421237	","                    	",2020/2/11 12:40,                    ,2020/2/11 12:40,支付宝网站     ,即时到账交易          ,蚂蚁财富-蚂蚁（杭州）基金销售有限公司,蚂蚁财富-方正富邦中证保险主题-买入  ,500,支出      ,交易成功    ,0,0,                    ,已支出      
"20200210001080012204340018199078	","                    	",2020/2/10 14:59,                    ,2020/2/10 14:59,支付宝网站     ,即时到账交易          ,蚂蚁财富-蚂蚁（杭州）基金销售有限公司,蚂蚁财富-天弘上证50指数A-买入   ,800,支出      ,交易成功    ,0,0,                    ,已支出      
"20200210001080012204340018198515	","                    	",2020/2/10 14:54,                    ,2020/2/10 14:54,支付宝网站     ,即时到账交易          ,蚂蚁财富-蚂蚁（杭州）基金销售有限公司,蚂蚁财富-博时中证银行指数分级-买入  ,500,支出      ,交易成功    ,0,0,                    ,已支出      
"20200210001080012204340018196248	","                    	",2020/2/10 14:53,                    ,2020/2/10 14:53,支付宝网站     ,即时到账交易          ,蚂蚁财富-蚂蚁（杭州）基金销售有限公司,蚂蚁财富-鹏华中证信息技术指数-买入  ,500,支出      ,交易成功    ,0,0,                    ,已支出      
"20200210001080012204340018197216	","                    	",2020/2/10 14:53,                    ,2020/2/10 14:53,支付宝网站     ,即时到账交易          ,蚂蚁财富-蚂蚁（杭州）基金销售有限公司,蚂蚁财富-天弘中证电子指数A-买入   ,500,支出      ,交易成功    ,0,0,                    ,已支出      
"20200206001080012204340017574710	","                    	",2020/2/6 14:58,                    ,2020/2/6 14:58,支付宝网站     ,即时到账交易          ,蚂蚁财富-蚂蚁（杭州）基金销售有限公司,蚂蚁财富-兴业多策略灵活配置混合-买入 ,1000,支出      ,交易成功    ,0,0,                    ,已支出      
"20200204001080012404340016921341	","                    	",2020/2/5 15:42,                    ,2020/2/5 15:42,支付宝网站     ,即时到账交易          ,蚂蚁财富-蚂蚁（杭州）基金销售有限公司,蚂蚁财富-南方宝元债券C-卖出至余额宝 ,510.85,收入      ,交易成功    ,0,0,                    ,已收入      
"20200204001080012204340016920077	","                    	",2020/2/4 13:51,                    ,2020/2/4 13:51,支付宝网站     ,即时到账交易          ,蚂蚁财富-蚂蚁（杭州）基金销售有限公司,蚂蚁财富-博时中证银行指数分级-买入  ,500,支出      ,交易成功    ,0,0,                    ,已支出      
"20200204001080012204340016918361	","                    	",2020/2/4 13:47,                    ,2020/2/4 13:47,支付宝网站     ,即时到账交易          ,蚂蚁财富-蚂蚁（杭州）基金销售有限公司,蚂蚁财富-易方达消费行业股票-买入   ,1000,支出      ,交易成功    ,0,0,                    ,已支出      
"20200204001080012204340016919169	","                    	",2020/2/4 13:45,                    ,2020/2/4 13:45,支付宝网站     ,即时到账交易          ,蚂蚁财富-蚂蚁（杭州）基金销售有限公司,蚂蚁财富-博时中证银行指数分级-买入  ,800,支出      ,交易成功    ,0,0,                    ,已支出      
"20200204001080012204340016918745	","                    	",2020/2/4 13:43,                    ,2020/2/4 13:43,支付宝网站     ,即时到账交易          ,蚂蚁财富-蚂蚁（杭州）基金销售有限公司,蚂蚁财富-嘉实物流产业股票A-买入   ,500,支出      ,交易成功    ,0,0,                    ,已支出      
"20200204001080012204340016913891	","                    	",2020/2/4 13:22,                    ,2020/2/4 13:22,支付宝网站     ,即时到账交易          ,蚂蚁财富-蚂蚁（杭州）基金销售有限公司,蚂蚁财富-招商中证白酒指数分级-买入  ,500,支出      ,交易成功    ,0,0,                    ,已支出      
"20200204001080012204340016914338	","                    	",2020/2/4 13:21,                    ,2020/2/4 13:21,支付宝网站     ,即时到账交易          ,蚂蚁财富-蚂蚁（杭州）基金销售有限公司,蚂蚁财富-天弘中证电子指数A-买入   ,1000,支出      ,交易成功    ,0,0,                    ,已支出      
"20200204001080012204340016912935	","                    	",2020/2/4 13:16,                    ,2020/2/4 13:16,支付宝网站     ,即时到账交易          ,蚂蚁财富-蚂蚁（杭州）基金销售有限公司,蚂蚁财富-汇添富上证综合指数-买入   ,1000,支出      ,交易成功    ,0,0,                    ,已支出      
"20200204001080012204340016914659	","                    	",2020/2/4 13:15,                    ,2020/2/4 13:15,支付宝网站     ,即时到账交易          ,蚂蚁财富-蚂蚁（杭州）基金销售有限公司,蚂蚁财富-鹏华中证信息技术指数-买入  ,3000,支出      ,交易成功    ,0,0,                    ,已支出      
"20200120001080012204340014954601	","                    	",2020/1/20 12:26,                    ,2020/1/20 12:26,支付宝网站     ,即时到账交易          ,蚂蚁财富-蚂蚁（杭州）基金销售有限公司,蚂蚁财富-招商中证白酒指数分级-买入  ,500,支出      ,交易成功    ,0,0,                    ,已支出      
"20200116001080014304340013988990	","                    	",2020/1/16 10:50,                    ,2020/1/16 10:50,支付宝网站     ,即时到账交易          ,蚂蚁财富-蚂蚁（杭州）基金销售有限公司,蚂蚁财富-景顺长城新兴成长混合-现金分红至余额宝,1,收入      ,交易成功    ,0,0,                    ,已收入      
"20200107001080012404340011218133	","                    	",2020/1/14 15:21,                    ,2020/1/14 15:21,支付宝网站     ,即时到账交易          ,蚂蚁财富-蚂蚁（杭州）基金销售有限公司,蚂蚁财富-工银瑞信全球股票(QDII)-卖出至余额宝,213.51,收入      ,交易成功    ,0,0,                    ,已收入      
"20200107001080012404340011220184	","                    	",2020/1/8 15:21,                    ,2020/1/8 15:21,支付宝网站     ,即时到账交易          ,蚂蚁财富-蚂蚁（杭州）基金销售有限公司,蚂蚁财富-景顺长城新兴成长混合-卖出至余额宝,1026.12,收入      ,交易成功    ,0,0,                    ,已收入      
"20200107001080012404340011218125	","                    	",2020/1/8 15:19,                    ,2020/1/8 15:19,支付宝网站     ,即时到账交易          ,蚂蚁财富-蚂蚁（杭州）基金销售有限公司,蚂蚁财富-招商中证白酒指数分级-卖出至余额宝,502.53,收入      ,交易成功    ,0,0,                    ,已收入      
"20200107001080012404340011219054	","                    	",2020/1/8 15:19,                    ,2020/1/8 15:19,支付宝网站     ,即时到账交易          ,蚂蚁财富-蚂蚁（杭州）基金销售有限公司,蚂蚁财富-天弘创业板ETF联接C-卖出至余额宝,2268.84,收入      ,交易成功    ,0,0,                    ,已收入      
"20200107001080012404340011218139	","                    	",2020/1/8 15:18,                    ,2020/1/8 15:18,支付宝网站     ,即时到账交易          ,蚂蚁财富-蚂蚁（杭州）基金销售有限公司,蚂蚁财富-富国上证综指ETF联接-卖出至余额宝,56.08,收入      ,交易成功    ,0,0,                    ,已收入      
"20200107001080012404340011217024	","                    	",2020/1/8 15:18,                    ,2020/1/8 15:18,支付宝网站     ,即时到账交易          ,蚂蚁财富-蚂蚁（杭州）基金销售有限公司,蚂蚁财富-南方创业板ETF联接C-卖出至余额宝,112.27,收入      ,交易成功    ,0,0,                    ,已收入      
"20200107001080012404340011220356	","                    	",2020/1/8 15:17,                    ,2020/1/8 15:17,支付宝网站     ,即时到账交易          ,蚂蚁财富-蚂蚁（杭州）基金销售有限公司,蚂蚁财富-鹏华中证信息技术指数-卖出至余额宝,2972.66,收入      ,交易成功    ,0,0,                    ,已收入      
"20200107001080012404340011220651	","                    	",2020/1/8 15:17,                    ,2020/1/8 15:17,支付宝网站     ,即时到账交易          ,蚂蚁财富-蚂蚁（杭州）基金销售有限公司,蚂蚁财富-汇添富创新医药主题混合-卖出至余额宝,2865.24,收入      ,交易成功    ,0,0,                    ,已收入      
"20200104110070001506340035008720	","20010443105430875412	",2020/1/4 4:03,2020/1/4 4:03,2020/1/4 4:03,支付宝网站     ,即时到账交易          ,蚂蚁财富            ,理财福利券奖励             ,0.41,收入      ,交易成功    ,0,0,理财福利券奖励             ,已收入      
"20191129001080012204340003627360	","                    	",2019/11/29 12:44,                    ,2019/11/29 12:44,支付宝网站     ,即时到账交易          ,蚂蚁财富-蚂蚁（杭州）基金销售有限公司,蚂蚁财富-天弘创业板ETF联接C-买入 ,200,支出      ,交易成功    ,0,0,                    ,已支出      
"20191129001080012204340003626211	","                    	",2019/11/29 12:39,                    ,2019/11/29 12:39,支付宝网站     ,即时到账交易          ,蚂蚁财富-蚂蚁（杭州）基金销售有限公司,蚂蚁财富-景顺长城新兴成长混合-买入  ,500,支出      ,交易成功    ,0,0,                    ,已支出      
"20191129001080012204340003621466	","                    	",2019/11/29 12:38,                    ,2019/11/29 12:38,支付宝网站     ,即时到账交易          ,蚂蚁财富-蚂蚁（杭州）基金销售有限公司,蚂蚁财富-招商中证白酒指数分级-买入  ,500,支出      ,交易成功    ,0,0,                    ,已支出      
"20191129001080012204340003623976	","                    	",2019/11/29 12:36,                    ,2019/11/29 12:37,支付宝网站     ,即时到账交易          ,蚂蚁财富-蚂蚁（杭州）基金销售有限公司,蚂蚁财富-汇添富创新医药主题混合-买入 ,1000,支出      ,交易成功    ,0,0,                    ,已支出      
"20191128001080012204340003405833	","                    	",2019/11/28 14:56,                    ,2019/11/28 14:56,支付宝网站     ,即时到账交易          ,蚂蚁财富-蚂蚁（杭州）基金销售有限公司,蚂蚁财富-汇添富上证综合指数-买入   ,200,支出      ,交易成功    ,0,0,                    ,已支出      
"20191127001080012204340003166100	","                    	",2019/11/27 14:35,                    ,2019/11/27 14:35,支付宝网站     ,即时到账交易          ,蚂蚁财富-蚂蚁（杭州）基金销售有限公司,蚂蚁财富-汇添富创新医药主题混合-买入 ,200,支出      ,交易成功    ,0,0,                    ,已支出      
"20191125001080012204340002733588	","                    	",2019/11/25 12:59,                    ,2019/11/25 12:59,支付宝网站     ,即时到账交易          ,蚂蚁财富-蚂蚁（杭州）基金销售有限公司,蚂蚁财富-鹏华中证信息技术指数-买入  ,600,支出      ,交易成功    ,0,0,                    ,已支出      
"20191122001080012204340002395526	","                    	",2019/11/22 14:50,                    ,2019/11/22 14:50,支付宝网站     ,即时到账交易          ,蚂蚁财富-蚂蚁（杭州）基金销售有限公司,蚂蚁财富-汇添富创新医药主题混合-买入 ,200,支出      ,交易成功    ,0,0,                    ,已支出      
"20191122001080012204340002375606	","                    	",2019/11/22 13:59,                    ,2019/11/22 13:59,支付宝网站     ,即时到账交易          ,蚂蚁财富-蚂蚁（杭州）基金销售有限公司,蚂蚁财富-鹏华中证信息技术指数-买入  ,600,支出      ,交易成功    ,0,0,                    ,已支出      
"20191122001080012204340002374347	","                    	",2019/11/22 13:58,                    ,2019/11/22 13:58,支付宝网站     ,即时到账交易          ,蚂蚁财富-蚂蚁（杭州）基金销售有限公司,蚂蚁财富-汇添富创新医药主题混合-买入 ,600,支出      ,交易成功    ,0,0,                    ,已支出      
"20191120001080012204340001843302	","                    	",2019/11/20 14:23,                    ,2019/11/20 14:23,支付宝网站     ,即时到账交易          ,蚂蚁财富-蚂蚁（杭州）基金销售有限公司,蚂蚁财富-汇添富上证综合指数-买入   ,200,支出      ,交易成功    ,0,0,                    ,已支出      
"20191120001080012204340001838058	","                    	",2019/11/20 14:23,                    ,2019/11/20 14:23,支付宝网站     ,即时到账交易          ,蚂蚁财富-蚂蚁（杭州）基金销售有限公司,蚂蚁财富-鹏华中证信息技术指数-买入  ,200,支出      ,交易成功    ,0,0,                    ,已支出      
"20191115001080012204340001050517	","                    	",2019/11/15 14:18,                    ,2019/11/15 14:18,支付宝网站     ,即时到账交易          ,蚂蚁财富-蚂蚁（杭州）基金销售有限公司,蚂蚁财富-汇添富创新医药主题混合-买入 ,400,支出      ,交易成功    ,0,0,                    ,已支出      
"20191115001080012204340001044962	","                    	",2019/11/15 14:08,                    ,2019/11/15 14:08,支付宝网站     ,即时到账交易          ,蚂蚁财富-蚂蚁（杭州）基金销售有限公司,蚂蚁财富-景顺长城新兴成长混合-买入  ,200,支出      ,交易成功    ,0,0,                    ,已支出      
"20191113001080012204340000572099	","                    	",2019/11/13 14:48,                    ,2019/11/13 14:48,支付宝网站     ,即时到账交易          ,蚂蚁财富-蚂蚁（杭州）基金销售有限公司,蚂蚁财富-汇添富上证综合指数-买入   ,200,支出      ,交易成功    ,0,0,                    ,已支出      
"20191112001080012204340000317937	","                    	",2019/11/12 12:36,                    ,2019/11/12 12:37,支付宝网站     ,即时到账交易          ,蚂蚁财富-蚂蚁（杭州）基金销售有限公司,蚂蚁财富-天弘创业板ETF联接C-买入 ,500,支出      ,交易成功    ,0,0,                    ,已支出      
"20191112001080012204340000316555	","                    	",2019/11/12 12:35,                    ,2019/11/12 12:35,支付宝网站     ,即时到账交易          ,蚂蚁财富-蚂蚁（杭州）基金销售有限公司,蚂蚁财富-鹏华中证信息技术指数-买入  ,400,支出      ,交易成功    ,0,0,                    ,已支出      
"20191111001080012204340000110850	","                    	",2019/11/11 13:44,                    ,2019/11/11 13:44,支付宝网站     ,即时到账交易          ,蚂蚁财富-蚂蚁（杭州）基金销售有限公司,蚂蚁财富-鹏华中证信息技术指数-买入  ,300,支出      ,交易成功    ,0,0,                    ,已支出      
"20191111001080012204340000112220	","                    	",2019/11/11 13:41,                    ,2019/11/11 13:42,支付宝网站     ,即时到账交易          ,蚂蚁财富-蚂蚁（杭州）基金销售有限公司,蚂蚁财富-天弘创业板ETF联接C-买入 ,500,支出      ,交易成功    ,0,0,                    ,已支出      
"20191106001080012204340099205191	","                    	",2019/11/6 14:25,                    ,2019/11/6 14:25,支付宝网站     ,即时到账交易          ,蚂蚁财富-蚂蚁（杭州）基金销售有限公司,蚂蚁财富-鹏华中证信息技术指数-买入  ,200,支出      ,交易成功    ,0,0,                    ,已支出      
"20191106001080012204340099202597	","                    	",2019/11/6 13:33,                    ,2019/11/6 13:33,支付宝网站     ,即时到账交易          ,蚂蚁财富-蚂蚁（杭州）基金销售有限公司,蚂蚁财富-汇添富创新医药主题混合-买入 ,200,支出      ,交易成功    ,0,0,                    ,已支出      
"20191106001080012204340099201642	","                    	",2019/11/6 13:31,                    ,2019/11/6 13:31,支付宝网站     ,即时到账交易          ,蚂蚁财富-蚂蚁（杭州）基金销售有限公司,蚂蚁财富-鹏华中证信息技术指数-买入  ,200,支出      ,交易成功    ,0,0,                    ,已支出      
"20191106001080012204340099199865	","                    	",2019/11/6 12:15,                    ,2019/11/6 12:15,支付宝网站     ,即时到账交易          ,蚂蚁财富-蚂蚁（杭州）基金销售有限公司,蚂蚁财富-景顺长城新兴成长混合-买入  ,300,支出      ,交易成功    ,0,0,                    ,已支出      
"20191031001080012204340098172262	","                    	",2019/10/31 12:51,                    ,2019/10/31 12:51,支付宝网站     ,即时到账交易          ,蚂蚁财富-蚂蚁（杭州）基金销售有限公司,蚂蚁财富-天弘沪深300指数A-买入  ,500,支出      ,交易成功    ,0,0,                    ,已支出      
"20191030110070001506340023254030	","19103043105300948227	",2019/10/30 4:04,2019/10/30 4:04,2019/10/30 4:04,支付宝网站     ,即时到账交易          ,蚂蚁财富            ,理财福利券奖励             ,0.41,收入      ,交易成功    ,0,0,理财福利券奖励             ,已收入      
"20191029001080012204340097701036	","                    	",2019/10/29 13:00,                    ,2019/10/29 13:00,支付宝网站     ,即时到账交易          ,蚂蚁财富-蚂蚁（杭州）基金销售有限公司,蚂蚁财富-工银瑞信全球股票(QDII)-买入,200,支出      ,交易成功    ,0,0,                    ,已支出      
"20191029001080012204340097699996	","                    	",2019/10/29 12:56,                    ,2019/10/29 12:56,支付宝网站     ,即时到账交易          ,蚂蚁财富-蚂蚁（杭州）基金销售有限公司,蚂蚁财富-鹏华中证信息技术指数-买入  ,200,支出      ,交易成功    ,0,0,                    ,已支出      
"20191029001080012204340097701176	","                    	",2019/10/29 12:47,                    ,2019/10/29 12:47,支付宝网站     ,即时到账交易          ,蚂蚁财富-蚂蚁（杭州）基金销售有限公司,蚂蚁财富-汇添富创新医药主题混合-买入 ,200,支出      ,交易成功    ,0,0,                    ,已支出      
"20191029001080012204340097701285	","                    	",2019/10/29 12:45,                    ,2019/10/29 12:45,支付宝网站     ,即时到账交易          ,蚂蚁财富-蚂蚁（杭州）基金销售有限公司,蚂蚁财富-汇添富创新医药主题混合-买入 ,100,支出      ,交易成功    ,0,0,                    ,已支出      
"20191009001080012204340093848029	","                    	",2019/10/9 12:50,                    ,2019/10/9 12:50,支付宝网站     ,即时到账交易          ,蚂蚁财富-蚂蚁（杭州）基金销售有限公司,蚂蚁财富-天弘创业板ETF联接C-买入 ,200,支出      ,交易成功    ,0,0,                    ,已支出      
"20190930001080012204340093222643	","                    	",2019/9/30 13:00,                    ,2019/9/30 13:00,支付宝网站     ,即时到账交易          ,蚂蚁财富-蚂蚁（杭州）基金销售有限公司,蚂蚁财富-汇添富上证综合指数-买入   ,100,支出      ,交易成功    ,0,0,                    ,已支出      
"20190927110070001506340017003306	","19092743105198206287	",2019/9/27 4:05,2019/9/27 4:05,2019/9/27 4:05,支付宝网站     ,即时到账交易          ,蚂蚁财富            ,理财福利券奖励             ,1.03,收入      ,交易成功    ,0,0,理财福利券奖励             ,已收入      
"20190926001080012204340092770408	","                    	",2019/9/26 12:49,                    ,2019/9/26 12:49,支付宝网站     ,即时到账交易          ,蚂蚁财富-蚂蚁（杭州）基金销售有限公司,蚂蚁财富-天弘创业板ETF联接C-买入 ,500,支出      ,交易成功    ,0,0,                    ,已支出      
"20190925001080012204340092549836	","                    	",2019/9/25 13:00,                    ,2019/9/25 13:00,支付宝网站     ,即时到账交易          ,蚂蚁财富-蚂蚁（杭州）基金销售有限公司,蚂蚁财富-天弘创业板ETF联接C-买入 ,100,支出      ,交易成功    ,0,0,                    ,已支出      
"20190925001080012204340092546562	","                    	",2019/9/25 12:11,                    ,2019/9/25 12:11,支付宝网站     ,即时到账交易          ,蚂蚁财富-蚂蚁（杭州）基金销售有限公司,蚂蚁财富-南方创业板ETF联接C-买入 ,100,支出      ,交易成功    ,0,0,                    ,已支出      
"20190911001080012204340090698900	","                    	",2019/9/11 20:06,                    ,2019/9/11 20:06,支付宝网站     ,即时到账交易          ,蚂蚁财富-蚂蚁（杭州）基金销售有限公司,蚂蚁财富-南方宝元债券C-买入     ,500,支出      ,交易成功    ,0,0,                    ,已支出      
"20190619001080012404340078935407	","                    	",2019/6/20 15:21,                    ,2019/6/20 15:21,支付宝网站     ,即时到账交易          ,蚂蚁财富-蚂蚁（杭州）基金销售有限公司,蚂蚁财富-天弘创业板指数C-卖出至余额宝,2195.69,收入      ,交易成功    ,0,0,                    ,已收入      
"20190601001080012404340076501215	","                    	",2019/6/4 15:19,                    ,2019/6/4 15:19,支付宝网站     ,即时到账交易          ,蚂蚁财富-蚂蚁（杭州）基金销售有限公司,蚂蚁财富-天弘创业板指数C-卖出至余额宝,994.84,收入      ,交易成功    ,0,0,                    ,已收入      
"20190601001080012204340076503764	","                    	",2019/6/1 13:44,                    ,2019/6/1 13:44,支付宝网站     ,即时到账交易          ,蚂蚁财富-蚂蚁（杭州）基金销售有限公司,蚂蚁财富-天弘创业板指数C-买入    ,1000,支出      ,交易成功    ,0,0,                    ,已支出      
"20190601110070001506340000425473	","19060143104550419976	",2019/6/1 0:15,2019/6/1 0:15,2019/6/1 0:15,支付宝网站     ,即时到账交易          ,蚂蚁财富            ,大预言家赛季大奖            ,0.28,收入      ,交易成功    ,0,0,大预言家赛季大奖            ,已收入      
"20190520001080012204340074291090	","                    	",2019/5/20 14:43,                    ,2019/5/20 14:43,支付宝网站     ,即时到账交易          ,蚂蚁财富-蚂蚁（杭州）基金销售有限公司,蚂蚁财富-天弘创业板指数C-买入    ,200,支出      ,交易成功    ,0,0,                    ,已支出      
"20190517001080012204340073963904	","                    	",2019/5/17 14:43,                    ,2019/5/17 14:43,支付宝网站     ,即时到账交易          ,蚂蚁财富-蚂蚁（杭州）基金销售有限公司,蚂蚁财富-天弘创业板指数C-买入    ,200,支出      ,交易成功    ,0,0,                    ,已支出      
"20190517001080012204340073961779	","                    	",2019/5/17 14:34,                    ,2019/5/17 14:34,支付宝网站     ,即时到账交易          ,蚂蚁财富-蚂蚁（杭州）基金销售有限公司,蚂蚁财富-天弘创业板指数C-买入    ,800,支出      ,交易成功    ,0,0,                    ,已支出      
"20190514001080012204340073202385	","                    	",2019/5/14 14:43,                    ,2019/5/14 14:43,支付宝网站     ,即时到账交易          ,蚂蚁财富-蚂蚁（杭州）基金销售有限公司,蚂蚁财富-天弘创业板指数C-买入    ,200,支出      ,交易成功    ,0,0,                    ,已支出      
"20190509001080012204340072337911	","                    	",2019/5/9 14:51,                    ,2019/5/9 14:51,支付宝网站     ,即时到账交易          ,蚂蚁财富-蚂蚁（杭州）基金销售有限公司,蚂蚁财富-天弘创业板指数C-买入    ,100,支出      ,交易成功    ,0,0,                    ,已支出      
"20190506001080012204340071461362	","                    	",2019/5/6 12:23,                    ,2019/5/6 12:23,支付宝网站     ,即时到账交易          ,蚂蚁财富-蚂蚁（杭州）基金销售有限公司,蚂蚁财富-天弘创业板指数C-买入    ,400,支出      ,交易成功    ,0,0,                    ,已支出      
"20190411001080012204340067846097	","                    	",2019/4/11 14:57,                    ,2019/4/11 14:57,支付宝网站     ,即时到账交易          ,蚂蚁财富-蚂蚁（杭州）基金销售有限公司,蚂蚁财富-天弘创业板指数C-买入    ,100,支出      ,交易成功    ,0,0,                    ,已支出      
"20190411001080012204340067815690	","                    	",2019/4/11 12:00,                    ,2019/4/11 12:00,支付宝网站     ,即时到账交易          ,蚂蚁财富-蚂蚁（杭州）基金销售有限公司,蚂蚁财富-天弘创业板指数C-买入    ,200,支出      ,交易成功    ,0,0,                    ,已支出      
"20190410001080012204340067591141	","                    	",2019/4/10 13:52,                    ,2019/4/10 13:52,支付宝网站     ,即时到账交易          ,蚂蚁财富-蚂蚁（杭州）基金销售有限公司,蚂蚁财富-天弘创业板指数C-买入    ,100,支出      ,交易成功    ,0,0,                    ,已支出      
"20190401110070001502340003441971	","19040143104216586667	",2019/4/1 0:28,2019/4/1 0:28,2019/4/1 0:28,支付宝网站     ,即时到账交易          ,蚂蚁财富            ,大预言家赛季大奖            ,0.13,收入      ,交易成功    ,0,0,大预言家赛季大奖            ,已收入      
"20190326001080012204340065150691	","                    	",2019/3/26 14:56,                    ,2019/3/26 14:56,支付宝网站     ,即时到账交易          ,蚂蚁财富-蚂蚁（杭州）基金销售有限公司,蚂蚁财富-汇添富上证综合指数-买入   ,50,支出      ,交易成功    ,0,0,                    ,已支出      
"20190325001080012204340064922960	","                    	",2019/3/25 14:57,                    ,2019/3/25 14:57,支付宝网站     ,即时到账交易          ,蚂蚁财富-蚂蚁（杭州）基金销售有限公司,蚂蚁财富-汇添富上证综合指数-买入   ,50,支出      ,交易成功    ,0,0,                    ,已支出      
"20190308001080012204340062146106	","                    	",2019/3/8 14:44,                    ,2019/3/8 14:45,支付宝网站     ,即时到账交易          ,蚂蚁财富-蚂蚁（杭州）基金销售有限公司,蚂蚁财富-汇添富上证综合指数-买入   ,50,支出      ,交易成功    ,0,0,                    ,已支出      
"20190308001080012204340062144316	","                    	",2019/3/8 14:43,                    ,2019/3/8 14:43,支付宝网站     ,即时到账交易          ,蚂蚁财富-蚂蚁（杭州）基金销售有限公司,蚂蚁财富-富国上证综指ETF联接-买入 ,50,支出      ,交易成功    ,0,0,                    ,已支出      
"20190304001080012404340061260947	","                    	",2019/3/5 15:12,                    ,2019/3/5 15:12,支付宝网站     ,即时到账交易          ,蚂蚁财富-蚂蚁（杭州）基金销售有限公司,蚂蚁财富-招商MSCI中国A股国际通指数A-卖出至余额宝,104.23,收入      ,交易成功    ,0,0,                    ,已收入      
"20190304001080012404340061260416	","                    	",2019/3/5 15:10,                    ,2019/3/5 15:10,支付宝网站     ,即时到账交易          ,蚂蚁财富-蚂蚁（杭州）基金销售有限公司,蚂蚁财富-招商中证白酒指数分级-卖出至余额宝,91.04,收入      ,交易成功    ,0,0,                    ,已收入      
"20190304001080012404340061259943	","                    	",2019/3/5 15:09,                    ,2019/3/5 15:09,支付宝网站     ,即时到账交易          ,蚂蚁财富-蚂蚁（杭州）基金销售有限公司,蚂蚁财富-兴全轻资产投资混合(LOF)-卖出至余额宝,105.34,收入      ,交易成功    ,0,0,                    ,已收入      
"20190304001080012404340061260951	","                    	",2019/3/5 15:08,                    ,2019/3/5 15:08,支付宝网站     ,即时到账交易          ,蚂蚁财富-蚂蚁（杭州）基金销售有限公司,蚂蚁财富-景顺长城沪深300增强-卖出至余额宝,198.16,收入      ,交易成功    ,0,0,                    ,已收入      
"20190304001080012404340061260946	","                    	",2019/3/5 15:08,                    ,2019/3/5 15:08,支付宝网站     ,即时到账交易          ,蚂蚁财富-蚂蚁（杭州）基金销售有限公司,蚂蚁财富-天弘创业板指数A-卖出至余额宝,3026.19,收入      ,交易成功    ,0,0,                    ,已收入      
"20190304001080012404340061260948	","                    	",2019/3/5 15:06,                    ,2019/3/5 15:06,支付宝网站     ,即时到账交易          ,蚂蚁财富-蚂蚁（杭州）基金销售有限公司,蚂蚁财富-汇添富上证综合指数-卖出至余额宝,1387.03,收入      ,交易成功    ,0,0,                    ,已收入      
"20190304001080012404340061258348	","                    	",2019/3/5 15:06,                    ,2019/3/5 15:06,支付宝网站     ,即时到账交易          ,蚂蚁财富-蚂蚁（杭州）基金销售有限公司,蚂蚁财富-富国国家安全主题混合-卖出至余额宝,360.82,收入      ,交易成功    ,0,0,                    ,已收入      
"20190301110070001502340097988059	","19030143104003138787	",2019/3/1 1:21,2019/3/1 1:21,2019/3/1 1:21,支付宝网站     ,即时到账交易          ,蚂蚁财富            ,大预言家赛季大奖            ,0.47,收入      ,交易成功    ,0,0,大预言家赛季大奖            ,已收入      
"20190224001080012404340059999577	","                    	",2019/2/26 15:15,                    ,2019/2/26 15:15,支付宝网站     ,即时到账交易          ,蚂蚁财富-蚂蚁（杭州）基金销售有限公司,蚂蚁财富-英大现金宝货币-卖出至余额宝 ,0.04,收入      ,交易成功    ,0,0,                    ,已收入      
"20190220001080012404340059490289	","                    	",2019/2/21 15:03,                    ,2019/2/21 15:03,支付宝网站     ,即时到账交易          ,蚂蚁财富-蚂蚁（杭州）基金销售有限公司,蚂蚁财富-英大现金宝货币-卖出至余额宝 ,501.72,收入      ,交易成功    ,0,0,                    ,已收入      
"20190201110070001502340093124124	","19020143103867624486	",2019/2/1 0:39,2019/2/1 0:39,2019/2/1 0:39,支付宝网站     ,即时到账交易          ,蚂蚁财富            ,大预言家赛季大奖            ,0.91,收入      ,交易成功    ,0,0,大预言家赛季大奖            ,已收入      
"20190110001080012204340052309003	","                    	",2019/1/10 8:33,                    ,2019/1/10 8:33,支付宝网站     ,即时到账交易          ,蚂蚁财富-蚂蚁（杭州）基金销售有限公司,蚂蚁财富-英大现金宝货币-买入     ,500,支出      ,交易成功    ,0,0,                    ,已支出      
"20190108001080012204340052134055	","                    	",2019/1/8 18:46,                    ,2019/1/8 18:46,支付宝网站     ,即时到账交易          ,蚂蚁财富-蚂蚁（杭州）基金销售有限公司,蚂蚁财富-招商产业债券A-买入     ,500,支出      ,交易成功    ,0,0,                    ,已支出      
"20181225001080012204340050717301	","                    	",2018/12/25 13:06,                    ,2018/12/25 13:06,支付宝网站     ,即时到账交易          ,蚂蚁财富-蚂蚁（杭州）基金销售有限公司,蚂蚁财富-汇添富上证综合指数-买入   ,500,支出      ,交易成功    ,0,0,                    ,已支出      
"20181218001080012204340049913792	","                    	",2018/12/18 12:23,                    ,2018/12/18 12:23,支付宝网站     ,即时到账交易          ,蚂蚁财富-蚂蚁（杭州）基金销售有限公司,蚂蚁财富-天弘创业板指数A-买入    ,500,支出      ,交易成功    ,0,0,                    ,已支出      
"20181218001080012204340049844124	","                    	",2018/12/18 0:23,                    ,2018/12/18 0:23,支付宝网站     ,即时到账交易          ,蚂蚁财富-蚂蚁（杭州）基金销售有限公司,蚂蚁财富-天弘创业板指数A-买入    ,100,支出      ,交易成功    ,0,0,                    ,已支出      
"20181022001080012404340044500179	","                    	",2018/10/23 15:08,                    ,2018/10/23 15:08,支付宝网站     ,即时到账交易          ,蚂蚁财富-蚂蚁（杭州）基金销售有限公司,蚂蚁财富-英大现金宝货币-卖出至余额宝 ,1000.05,收入      ,交易成功    ,0,0,                    ,已收入      
"20181022001080012204340044499021	","                    	",2018/10/22 13:57,                    ,2018/10/22 13:57,支付宝网站     ,即时到账交易          ,蚂蚁财富-蚂蚁（杭州）基金销售有限公司,蚂蚁财富-汇添富上证综合指数-买入   ,200,支出      ,交易成功    ,0,0,                    ,已支出      
"20181019001080012204340044327131	","                    	",2018/10/19 13:45,                    ,2018/10/19 13:45,支付宝网站     ,即时到账交易          ,蚂蚁财富-蚂蚁（杭州）基金销售有限公司,蚂蚁财富-汇添富上证综合指数-买入   ,500,支出      ,交易成功    ,0,0,                    ,已支出      
"20181019001080012204340044325898	","                    	",2018/10/19 13:43,                    ,2018/10/19 13:43,支付宝网站     ,即时到账交易          ,蚂蚁财富-蚂蚁（杭州）基金销售有限公司,蚂蚁财富-天弘创业板指数A-买入    ,500,支出      ,交易成功    ,0,0,                    ,已支出      
"20181016001080012204340044001045	","                    	",2018/10/16 22:51,                    ,2018/10/16 22:51,支付宝网站     ,即时到账交易          ,蚂蚁财富-蚂蚁（杭州）基金销售有限公司,蚂蚁财富-英大现金宝货币-买入     ,1000,支出      ,交易成功    ,0,0,                    ,已支出      
"20181011001080012204340043511151	","                    	",2018/10/11 13:27,                    ,2018/10/11 13:27,支付宝网站     ,即时到账交易          ,蚂蚁财富-蚂蚁（杭州）基金销售有限公司,蚂蚁财富-天弘创业板指数A-买入    ,200,支出      ,交易成功    ,0,0,                    ,已支出      
"20180807001080012204340037291795	","                    	",2018/8/7 12:40,                    ,2018/8/7 12:40,支付宝网站     ,即时到账交易          ,蚂蚁财富-蚂蚁（杭州）基金销售有限公司,蚂蚁财富-天弘创业板指数A-买入    ,500,支出      ,交易成功    ,0,0,                    ,已支出      
"20180806001080012204340037175070	","                    	",2018/8/6 18:38,                    ,2018/8/6 18:38,支付宝网站     ,即时到账交易          ,蚂蚁财富-蚂蚁（杭州）基金销售有限公司,蚂蚁财富-天弘创业板指数A-买入    ,500,支出      ,交易成功    ,0,0,                    ,已支出      
"20180704001080012204340033962412	","                    	",2018/7/4 6:32,                    ,2018/7/4 6:32,支付宝网站     ,即时到账交易          ,蚂蚁财富-蚂蚁（杭州）基金销售有限公司,蚂蚁财富-天弘创业板指数A-买入    ,100,支出      ,交易成功    ,0,0,                    ,已支出      
"20180619001080012204340032491642	","                    	",2018/6/19 16:49,                    ,2018/6/19 16:49,支付宝网站     ,即时到账交易          ,蚂蚁财富-蚂蚁（杭州）基金销售有限公司,蚂蚁财富-天弘创业板指数A-买入    ,100,支出      ,交易成功    ,0,0,                    ,已支出      
"20180614001080012204340032251848	","                    	",2018/6/14 20:38,                    ,2018/6/14 20:38,支付宝网站     ,即时到账交易          ,蚂蚁财富-蚂蚁（杭州）基金销售有限公司,蚂蚁财富-招商MSCI中国A股国际通指数A-买入,100,支出      ,交易成功    ,0,0,                    ,已支出      
"20180614001080012204340032189300	","                    	",2018/6/14 15:01,                    ,2018/6/14 15:02,支付宝网站     ,即时到账交易          ,蚂蚁财富-蚂蚁（杭州）基金销售有限公司,蚂蚁财富-富国国家安全主题混合-买入  ,100,支出      ,交易成功    ,0,0,                    ,已支出      
"20180614001080012204340032185329	","                    	",2018/6/14 14:57,                    ,2018/6/14 14:57,支付宝网站     ,即时到账交易          ,蚂蚁财富-蚂蚁（杭州）基金销售有限公司,蚂蚁财富-景顺长城沪深300增强-买入 ,100,支出      ,交易成功    ,0,0,                    ,已支出      
"20180614001080012204340032187159	","                    	",2018/6/14 14:50,                    ,2018/6/14 14:50,支付宝网站     ,即时到账交易          ,蚂蚁财富-蚂蚁（杭州）基金销售有限公司,蚂蚁财富-景顺长城沪深300增强-买入 ,100,支出      ,交易成功    ,0,0,                    ,已支出      
"20180609001080012204340031704484	","                    	",2018/6/9 17:43,                    ,2018/6/9 17:43,支付宝网站     ,即时到账交易          ,蚂蚁财富-蚂蚁（杭州）基金销售有限公司,蚂蚁财富-富国国家安全主题混合-买入  ,100,支出      ,交易成功    ,0,0,                    ,已支出      
"20180602001080012204340031060255	","                    	",2018/6/2 17:48,                    ,2018/6/2 17:48,支付宝网站     ,即时到账交易          ,蚂蚁财富-蚂蚁（杭州）基金销售有限公司,蚂蚁财富-富国国家安全主题混合-买入  ,100,支出      ,交易成功    ,0,0,                    ,已支出      
"20180601001080012204340031010725	","                    	",2018/6/1 18:16,                    ,2018/6/1 18:16,支付宝网站     ,即时到账交易          ,蚂蚁财富-蚂蚁（杭州）基金销售有限公司,蚂蚁财富-天弘创业板指数A-买入    ,100,支出      ,交易成功    ,0,0,                    ,已支出      
"20180530001080012404340030793982	","                    	",2018/6/1 15:36,                    ,2018/6/1 15:36,支付宝网站     ,即时到账交易          ,蚂蚁财富-蚂蚁（杭州）基金销售有限公司,蚂蚁财富-南方中债10年期国债指数C-卖出至余额宝,99.71,收入      ,交易成功    ,0,0,                    ,已收入      
"20180530001080012404340030795292	","                    	",2018/6/1 15:32,                    ,2018/6/1 15:32,支付宝网站     ,即时到账交易          ,蚂蚁财富-蚂蚁（杭州）基金销售有限公司,蚂蚁财富-广发中债7-10年期国开行债券指数C-卖出至余额宝,99.65,收入      ,交易成功    ,0,0,                    ,已收入      
"20180530001080012404340030692255	","                    	",2018/5/31 15:35,                    ,2018/5/31 15:35,支付宝网站     ,即时到账交易          ,蚂蚁财富-蚂蚁（杭州）基金销售有限公司,蚂蚁财富-万家日日薪货币A-卖出至余额宝,1004.33,收入      ,交易成功    ,0,0,                    ,已收入      
"20180530001080012204340030766322	","                    	",2018/5/30 17:39,                    ,2018/5/30 17:39,支付宝网站     ,即时到账交易          ,蚂蚁财富-蚂蚁（杭州）基金销售有限公司,蚂蚁财富-招商中证白酒指数分级-买入  ,100,支出      ,交易成功    ,0,0,                    ,已支出      
"20180508001080012404340028777535	","                    	",2018/5/10 15:39,                    ,2018/5/10 15:39,支付宝网站     ,即时到账交易          ,蚂蚁财富-蚂蚁（杭州）基金销售有限公司,蚂蚁财富-国泰国证食品饮料行业-卖出至余额宝,104.41,收入      ,交易成功    ,0,0,                    ,已收入      
"20180508001080012404340028776079	","                    	",2018/5/10 15:38,                    ,2018/5/10 15:38,支付宝网站     ,即时到账交易          ,蚂蚁财富-蚂蚁（杭州）基金销售有限公司,蚂蚁财富-招商中证白酒指数分级-卖出至余额宝,109.08,收入      ,交易成功    ,0,0,                    ,已收入      
"20180418001080012204340027201767	","                    	",2018/4/18 5:45,                    ,2018/4/18 5:46,支付宝网站     ,即时到账交易          ,蚂蚁财富-蚂蚁（杭州）基金销售有限公司,蚂蚁财富-广发中债7-10年期国开行债券指数C-买入,100,支出      ,交易成功    ,0,0,                    ,已支出      
"20180418001080012204340027201576	","                    	",2018/4/18 5:36,                    ,2018/4/18 5:36,支付宝网站     ,即时到账交易          ,蚂蚁财富-蚂蚁（杭州）基金销售有限公司,蚂蚁财富-南方中债10年期国债指数C-买入,100,支出      ,交易成功    ,0,0,                    ,已支出      
"20180417001080012204340027115395	","                    	",2018/4/17 13:06,                    ,2018/4/17 13:06,支付宝网站     ,即时到账交易          ,蚂蚁财富-蚂蚁（杭州）基金销售有限公司,蚂蚁财富-富国国家安全主题混合-买入  ,100,支出      ,交易成功    ,0,0,                    ,已支出      
"20180417001080012204340027115060	","                    	",2018/4/17 12:19,                    ,2018/4/17 12:19,支付宝网站     ,即时到账交易          ,蚂蚁财富-蚂蚁（杭州）基金销售有限公司,蚂蚁财富-万家日日薪货币A-买入    ,1000,支出      ,交易成功    ,0,0,                    ,已支出      
"20180407001080012204340026259737	","                    	",2018/4/7 6:55,                    ,2018/4/7 6:55,支付宝网站     ,即时到账交易          ,蚂蚁财富-蚂蚁（杭州）基金销售有限公司,蚂蚁财富-国泰国证食品饮料行业-买入  ,100,支出      ,交易成功    ,0,0,                    ,已支出      
"20180407001080012204340026258832	","                    	",2018/4/7 6:07,                    ,2018/4/7 6:07,支付宝网站     ,即时到账交易          ,蚂蚁财富-蚂蚁（杭州）基金销售有限公司,蚂蚁财富-招商中证白酒指数分级-买入  ,100,支出      ,交易成功    ,0,0,                    ,已支出      
"20180403001080012404340026002867	","                    	",2018/4/4 15:30,                    ,2018/4/4 15:30,支付宝网站     ,即时到账交易          ,蚂蚁财富-蚂蚁（杭州）基金销售有限公司,蚂蚁财富-民生加银家盈理财7天债券A-卖出至余额宝,1004.35,收入      ,交易成功    ,0,0,                    ,已收入      
"20180325001080012404340025193273	","                    	",2018/3/27 16:38,                    ,2018/3/27 16:38,支付宝网站     ,即时到账交易          ,蚂蚁财富-蚂蚁（杭州）基金销售有限公司,蚂蚁财富-广发稳健增长混合 -卖出至余额宝,393.21,收入      ,交易成功    ,0,0,                    ,已收入      
"20180322001080012204340024924310	","                    	",2018/3/22 7:41,                    ,2018/3/22 7:41,支付宝网站     ,即时到账交易          ,蚂蚁财富-蚂蚁（杭州）基金销售有限公司,蚂蚁财富-广发稳健增长混合 -买入   ,400,支出      ,交易成功    ,0,0,                    ,已支出      
"20180227001080012204340022643011	","                    	",2018/2/27 8:19,                    ,2018/2/27 8:19,支付宝网站     ,即时到账交易          ,蚂蚁财富-蚂蚁（杭州）基金销售有限公司,蚂蚁财富-民生加银家盈理财7天债券A-买入,1000,支出      ,交易成功    ,0,0,                    ,已支出      
"20180227001080012204340022644173	","                    	",2018/2/27 8:12,                    ,2018/2/27 8:12,支付宝网站     ,即时到账交易          ,蚂蚁财富-蚂蚁（杭州）基金销售有限公司,蚂蚁财富-兴全轻资产投资混合(LOF)-买入,100,支出      ,交易成功    ,0,0,                    ,已支出      
"18021543101724101556 	","                    	",2018/2/16 0:21,                    ,2018/2/16 0:21,支付宝网站     ,即时到账交易          ,支付宝五福红包         ,收到支付宝五福红包           ,2.58,收入      ,交易成功    ,0,0,                    ,已收入      
"20180214001080012204340022071591	","                    	",2018/2/14 13:44,                    ,2018/2/14 13:44,支付宝网站     ,即时到账交易          ,蚂蚁财富-蚂蚁（杭州）基金销售有限公司,蚂蚁财富-兴全轻资产投资混合(LOF)-买入,10,支出      ,交易成功    ,0,0,                    ,已支出      
------------------------------------------------------------------------------------,,,,,,,,,,,,,,,
共321笔记录,,,,,,,,,,,,,,,
已收入:84笔,72766.86元,,,,,,,,,,,,,,
待收入:0笔,0.00元,,,,,,,,,,,,,,
已支出:237笔,107830.00元,,,,,,,,,,,,,,
待支出:0笔,0.00元,,,,,,,,,,,,,,
导出时间:[2020-08-29 11:44:50]    用户:甘家城,,,,,,,,,,,,,,,